MASTER_CAMPAIGN_ID,SKU_NAME
"ALAN_TEST","JACOBS CREEK RESERVE SHIRAZ 75CL"
"ALAN_TEST","JACOBS CREEK SHIRAZ 75CL"
"ALAN_TEST","JACOBS CREEK SHIRAZ CABERNET 75CL"
"ALAN_TEST","JACOBS CREEK SHIRAZ WIMBLEDON 75CL"
"TEST_JD","BIRDS EYE 10 POTATO WAFFLES 567G"
"TEST_JD","BIRDS EYE 12 COD FISH FINGERS 336G"
"TEST_JD","BIRDS EYE 12 ORIGINAL BEEF BURGERS 680G"
"TEST_JD","BIRDS EYE 24 CRISPY CHICKEN DIPPERS 440G"
"TEST_JD","BIRDS EYE FIELD FRESH PETITS POIS 545G"
"TEST_JD2","BIRDS EYE 10 POTATO WAFFLES 567G"
"TEST_JD2","BIRDS EYE 12 COD FISH FINGERS 336G"
"TEST_JD2","BIRDS EYE 12 ORIGINAL BEEF BURGERS 680G"
"TEST_JD2","BIRDS EYE 24 CRISPY CHICKEN DIPPERS 440G"
"TEST_JD2","BIRDS EYE FIELD FRESH PETITS POIS 545G"
"i2c1504021aM","CRUNCHY NUT CHOCOLATE PEANUT BAR 4X35G"
"i2c1504021aM","KELLOGGS COCO POPS & MILK BAR 6X20G"
"i2c1504021aM","KELLOGGS CRUNCHY NUT 1KG"
"i2c1504021aM","KELLOGGS CRUNCHY NUT 375G"
"i2c1504021aM","KELLOGGS CRUNCHY NUT 500G"
"i2c1504021aM","KELLOGGS CRUNCHY NUT 750G"
"i2c1504021aM","KELLOGGS CRUNCHY NUT CHOC CLUSTERS 450G"
"i2c1504021aM","KELLOGGS CRUNCHY NUT CHOC CURLS 340G"
"i2c1504021aM","KELLOGGS FROOT LOOPS 350G"
"i2c1504021aM","KELLOGGS FROSTED WHEATS 500G"
"i2c1504021aM","KELLOGGS FROSTIES 500G"
"i2c1504021aM","KELLOGGS FROSTIES 750G"
"i2c1504021aM","KELLOGGS FRUIT N FIBRE 375G"
"i2c1504021aM","KELLOGGS FRUIT N FIBRE 500G"
"i2c1504021aM","KELLOGGS FRUIT N FIBRE 750G"
"i2c1504021aM","KELLOGGS HONEY LOOPS 335G"
"i2c1504021aM","KELLOGGS HONEY POPS 335G"
"i2c1504021aM","KELLOGGS KRAVE CHOCOLATE HAZELNUT 375G"
"i2c1504021aM","KELLOGGS KRAVE MILK CHOCOLATE 375G"
"i2c1504021aM","KELLOGGS KRAVE MILK CHOCOLATE 650G"
"i2c1504021aM","KELLOGGS MULTIGRAIN START 375G"
"i2c1504021aM","KELLOGGS POP TARTS CHOCOTASTIC 8X50G"
"i2c1504021aM","KELLOGGS RAISIN WHEATS 500G"
"i2c1504021aM","KELLOGGS RICE KRISPIES 340G"
"i2c1504021aM","KELLOGGS RICE KRISPIES 510G"
"i2c1504021aM","KELLOGGS RICE KRISPIES 700G"
"i2c1504021aM","KELLOGGS RICE KRISPIES MGRAIN STRW 325G"
"i2c1504021aM","KELLOGGS RICE KRISPIES MULTIGRAIN 350G"
"i2c1504021aM","KELLOGGS RICE KS DELIGHTFULLY CHOCL4X36G"
"i2c1504021aM","KELLOGGS RICE KS MARSHMALLOW 4X28G"
"i2c1504021aM","KELLOGGS RICICLES 450G"
"i2c1504021aM","KELLOGGS STRAWBERRY&APPLE WINDERS 6X17G"
"i2c1504021aM","KELLOGGS WINDERS STRAW&BLCKCRRNT 6X17G"
"i2c1504021aM","KELLOGGS WINDERS STRAWBERRY DOUBLE 6X17G"
"i2c1504021aM","KLG CHY NUT BITES NUTS & CARAMEL 360G"
"i2c1504021aM","KLG CHY NUT CLUSTERS HONEY & NUT 450G"
"i2c1504021aM","KLG FROSTIES CEREAL & MILK BARS 6X25G"
"i2c1504021aM","KLG FRTY BRKFST BLACKBERRY & APPLE 6X37G"
"i2c1504021aM","KLG FRUITY BREAKFAST BARS APPLE 6X37G"
"i2c1504021aM","KLG FRUITY BREAKFAST BARS STRAWBERRY X6"
"i2c1504021aM","KLG NUTRI-GRA BKFST BKS GOLDEN OAT 6X45G"
"i2c1504021aM","KLG NUTRI-GRAIN BFAST BKS RAISIN 6X45G"
"i2c1504021aM","KLG NUTRI-GRAIN BFST BKS CHOC CHIP 6X45G"
"i2c1504021aM","KLG NUTRI-GRAIN BKFST BAKES GINGER 6X45G"
"i2c1504021aM","KLG NUTRI-GRAIN GRANOLA 6X40G"
"i2c1504021aM","KLG NUTRI-GRAIN GRANOLA CHOC 6X40G"
"i2c1504021aM","KLG RICE KRISPIE CEREAL & MILK BAR 6X20G"
"i2c1504021aM","KLG RICE KS CHOCOLATE CARAMEL 4X36G"
"i2c1504021aM","KLG RICK KS CHOC MARSHMALLOW 4X36G"
"i2c1504028aM","TENA LADY - EXTRA DUO PACK X20"
"i2c1504028aM","TENA LADY - EXTRA PLUS DUO PACK X16"
"i2c1504028aM","TENA LADY - NORMAL DUO PACK X24"
"i2c1504028aM","TENA LADY EXTRA X10"
"i2c1504028aM","TENA LADY MAXI NIGHT X6"
"i2c1504028aM","TENA LADY MAXI X6"
"i2c1504028aM","TENA LADY MINI X20"
"i2c1504028aM","TENA LADY NORMAL X12"
"i2c1504028aM","TENA LADY PANTS DISCREET LARGE X5"
"i2c1504028aM","TENA LADY PANTS DISCREET MEDIUM, 6S"
"i2c1504028aM","TENA LADY PANTS NIGHT LARGE X5"
"i2c1504050aM","THAI TASTE SWEET CHILLI SAUCE 200ML"
"i2c1504064aM","THE HEALTH LOTTERY L0.50 PP"
"i2c1504064aM","THE HEALTH LOTTERY £0.50"
"i2c1504064aM","THE HEALTH LOTTERY £1"
"i2c1504065aM","COCA COLA 6X330ML"
"i2c1504091aM","SHEBA FINE FLAKES POULTRY SELECTN 12X85G"
"i2c1504091aM","SHEBA FRESH CHOICE FISH SELECTION 6X50G"
"i2c1504091aM","SHEBA SELECT SLICES CHICKEN TRAY 85G"
"i2c1505012aM","FRUBES STRAWBERRY& RASPBERRY POUCH 6X70G"
"i2c1505012aM","PETITS FILOUS APRICOT POUCH 70G"
"i2c1505012aM","PETITS FILOUS RASPBERRY POUCH 70G"
"i2c1505012aM","PETITS FILOUS STRAWBERRY POUCH 70G"
"i2c1505029aM","BONNE MAMAN CHOC CARAMEL 135G"
"i2c1505029aM","BONNE MAMAN CHOCOLATE MADELEINES 210G"
"i2c1505029aM","BONNE MAMAN LEMON & POPPY SEED CAKES175G"
"i2c1505029aM","BONNE MAMAN LEMON TARTLETS 125G"
"i2c1505029aM","BONNE MAMAN MADELEINES 175G"
"i2c1505074aM","HEINZ CHICKEN CUP SOUP 68G"
"i2c1505074aM","HEINZ TOMATO CUP SOUP 88G"
"i2c1505074aM","HEINZ VEGETABLE DRY CUP SOUP 76G"
"i2c1506014aM","HUGGIES PULL UPS BOY MEDIUM X14"
"i2c1506014aM","HUGGIES PULL UPS GIRL MEDIUM X14"
"i2c1506032M1","LOTUS ORIGINAL CARAMELISED BISCUITS 250G"
"i2c1506032M1","LOTUS ORIGINAL CARAMELISED BISCUITS X25"
"i2c1506032M2","LOTUS BISCOFF CRUNCHY SPREAD 380G"
"i2c1506032M2","LOTUS BISCOFF SMOOTH SPREAD 400G"
"i2c1506058aM","POLIGRIP FLV FREE DENT FIXATIVE CRM 40G"
"i2c1506063aM","KELLYS CLOTTED CREAM & HONEYCOMB 1L"
"i2c1506063aM","KELLYS CORNISH CLOTTED ICE CREAM 1L"
"i2c1506063aM","KELLYS SALTED CARAMEL 1L"
"i2c1507030a","SHARWOODS MELTS CHOW MEIN 96G"
"i2c1507030a","SHARWOODS MELTS SPICY SZECHUAN 96G"
"i2c1507030a","SHARWOODS MELTS SWEET & SOUR 96G"
"i2c1507030a","SHARWOODS MELTS SWEET CHILLI 96G"
"i2c1507074aM","LAUGHING DOG GRAIN FREE CHICKEN 1.5KG"
"i2c1507074aM","LAUGHING DOG GRAIN FREE DUCK 1.5KG"
"i2c1507074aM","LAUGHING DOG GRAIN FREE FISH TREAT 200G"
"i2c1507074aM","LAUGHING DOG W/FREE CHEESY OATIES 250G"
"i2c1507074aM","LAUGHING DOG WHEAT FREE CHICKEN 2KG"
"i2c1507074aM","LAUGHING DOG WHEAT FREE LAMB 2KG"
"i2c1507076a","BADOIT ROUGE 1L"
"i2c1507076a","BADOIT SPARKLING MINERAL WATER 1L"
"i2c1507095a","PALMOLIVE A MOMENTS GLAMOROUS SHW 250ML"
"i2c1507095a","PALMOLIVE A MOMENTS MASSAGE SHOWER 250ML"
"i2c1507095a","PALMOLIVE A MOMENTS RELAXED SHOWER 250ML"
"i2c1507095a","PALMOLIVE A MOMENTS SO DYNAMIC SHW 250ML"
"i2c1507141a","ACTIVIA 0% RED FRUITS YOGURT 8X125G"
"i2c1507141a","ACTIVIA 0% STRAWB/RASP MIX YOGS 8X125G"
"i2c1507141a","ACTIVIA 0% YELLOW FRUITS YOGURT 8X125G"
"i2c1507141a","ACTIVIA GARDEN FRUITS YOGURTS 8X125G"
"i2c1507141a","ACTIVIA RED FRUITS YOGURT 8X125G"
"i2c1507141a","ACTIVIA YELLOW FRUITS YOGURT 8X125G"
"i2c1507141a","DANONE ACTIVIA CHERRY & BERRY 8X125G"
"i2c1507151a","WALKERS BBQ/LAMB/CHEESE VARIETY 6PK"
"i2c1507151a","WALKERS BEEF/MARMITE/CHEESE VARIETY 6PK"
"i2c1507151a","WALKERS CHEESE & ONION CRISPS 12 X 25G"
"i2c1507151a","WALKERS CHEESE &ONION XTRA FILL 6PK 195G"
"i2c1507151a","WALKERS CHEESE AND ONION CRISPS 6 X 25G"
"i2c1507151a","WALKERS CHICKEN & CHORIZO 6X25G"
"i2c1507151a","WALKERS CHICKEN CRISPS 6 X 25G"
"i2c1507151a","WALKERS CLASSIC VARIETY 25GX18 PKT"
"i2c1507151a","WALKERS DO US A FLAVOUR CHEESY SELCN X20"
"i2c1507151a","WALKERS DO US A FLAVOUR CHEESY SELCTN X6"
"i2c1507151a","WALKERS DO US A FLAVOUR MEATY SELCTN X20"
"i2c1507151a","WALKERS EXTRA FILL SALT & VIN 6PK 195G"
"i2c1507151a","WALKERS MARMITE CRISPS 6X25G"
"i2c1507151a","WALKERS MEATY 24X25G"
"i2c1507151a","WALKERS MEATY 25GX20PKT"
"i2c1507151a","WALKERS MEATY CRISPS 12X25G"
"i2c1507151a","WALKERS MEATY CRISPS 6 X 25G"
"i2c1507151a","WALKERS PRAWN COCKTAIL CRISPS 6 X 25G"
"i2c1507151a","WALKERS READY SALTED 25GX12PK"
"i2c1507151a","WALKERS READY SALTED CRISPS 6 X 25G"
"i2c1507151a","WALKERS SALT & VINEGAR CRISPS 6 X 25G"
"i2c1507151a","WALKERS SMOKEY BACON CRISPS 6 X 25G"
"i2c1507151a","WALKERS VARIETY 24X25G"
"i2c1507151a","WALKERS VARIETY 25GX12PKT"
"i2c1507151a","WALKERS VARIETY 25GX20PKT"
"i2c1507151a","WALKERS VARIETY CRISPS 350G 14PKT"
"i2c1507151a","WALKERS VARIETY MULTIPACK CRISPS 6 X 25G"
"i2c1507151a","WALKERS WORCESTER SAUCE 6X25G"
"i2c1507156a","ANDREX WHITE TOILET TISS 9X220 SHEETS"
"i2c1507161a","LINDT LINDOR TREAT BAR 38G"
"i2c1507173a","KNORR CHICKEN STOCK CUBES 20S 200G"
"i2c1507176a","STELLA ARTOIS CIDRE 568ML"
"i2c1507176a","STELLA ARTOIS CIDRE PEAR 568ML"
"i2c1507176a","STELLA CIDRE RASPBERRY 500ML"
"i2c1507181a","FRUBES TUBES 9X40G"
"i2c1507181a","PETITS FILOUS STRAWBERRY FRUBES 9X40G"
"i2c1507187a","COLGATE SENSITIVE PRO RELIEF +WHITE 75ML"
"i2c1507187a","COLGATE SENSITIVE PRO RELIEF MULTI 75ML"
"i2c1507187a","COLGATE SENSITIVE PRO RELIEF TPASTE 75ML"
"i2c1507192a","THE LAUGHING COW DIP N CRUNCH 140G"
"i2c1507192a","THE LAUGHING COW DIP N CRUNCH LIGHT 140G"
"i2c1507203a","ORANGINA 420ML"
"i2c1507204a","JS GRANA PADANO CHEESE 200G"
"i2c1507204a","TTD PROSCIUTTO DI SAN DANIELE 70G"
"i2c1507209a","CADBURY MILK TRAY 360G"
"i2c1507209a","CADBURY MILK TRAY 530G"
"i2c1507210a","TTD PARMIGIANO REGGIANO 200G"
"i2c1507212a","THE FAMOUS GROUSE SMOKY BLACK 70CL"
"i2c1508013a","QUAKER OAT GRANOLA APPLE & CINNAMON 550G"
"i2c1508013a","QUAKER OAT GRANOLA HONEY & ALMOND 550G"
"i2c1508013a","QUAKER OAT GRANOLA RAISIN 550G"
"i2c1508013a","QUAKER WARM & CRUNCHY APPLE & CNM 8X48G"
"i2c1508013a","QUAKER WARM & CRUNCHY WINTER FRUIT 8X48G"
"i2c1508013a","QUAKER WARM&CRUNCHY GOLDEN CRUNCH 8X48G"
"i2c1508013a","QUAKER WHOLESOME CRNCH PECAN&BRAZIL 550G"
"i2c1508013a","QUAKER WHOLESOME CRUNCH GOJI & BBRY 550G"
"i2c1508034a","HORLICKS LIGHT MALT 500G"
"i2c1508034a","HORLICKS ORIGINAL MALT 500G"
"i2c1508040a","ALWAYS ULTRA PADS NORMAL 20"
"i2c1508042a","MAGNERS CIDER 12X440ML"
"i2c1508042a","MAGNERS IRISH CIDER 568ML"
"i2c1508042a","MAGNERS ORIGINAL 8X500ML"
"i2c1508042a","MAGNERS PEAR CIDER 568ML"
"i2c1508061a","MINI CRAVINGS CHEESE SELECTION 125G"
"i2c1508061a","MINI CRAVINGS FLAVOURED CHEESE 125G"
"i2c1508098a","EMMI CAFFE LATTE CAPPUCCINO 230ML"
"i2c1508098a","EMMI ICED CAFFE LATTE SKINNY 230ML"
"i2c1508107a","BRANSTON BEANS FRIDGEPACK 1KG"
"i2c1508107a","BRANSTON BEANS RSS FRIDGEPACK 1KG"
"i2c1508107a","BRANSTON BIGGA BAKED BEANS 410G"
"i2c1508107a","BRANSTON SPAGHETTI 395G"
"i2c1508107a","BRANSTON SPAGHETTI LOOPS 395G"
"i2c1508107a","C&B BRANSTON BAKED BEANS 220G"
"i2c1508107a","C&B BRANSTON BAKED BEANS 410G"
"i2c1508107a","C&B BRANSTON RED S&S BAKED BEANS 410G"
"i2c1508118a","AQUAFRESH BIG TEETH TOOTHPASTE 50ML"
"i2c1508118a","AQUAFRESH LITTLE TEETH TOOTHPASTE 50ML"
"i2c1508124a","POT NOODLE SAUSAGE CASSEROLE 90G"
"i2c1508127a","NCG SKINNY GOAN SPICED CHICKEN SOUP 600G"
"i2c1508127a","NCG SKINNY GOAN SPICED CHK & LENTILS400G"
"i2c1508127a","NCG SKINNY LEBANESE CARROT SOUP 600G"
"i2c1508127a","NCG SKINNY MINESTRONE 600G"
"i2c1508127a","NCG SKINNY QUINOA CHILLI & LIME SOUP600G"
"i2c1508127a","NCG SKINNY SOUPER GREENS & GRAINS 400G"
"i2c1508127a","NCG SKINNY THAI SWEETCORN CHOWDER 600G"
"i2c1508127a","NCG SKINNY TOMATO & LENTIL SOUP 600G"
"i2c1508127a","NCG TOH CHKN, LEEK & PINHEAD OATS 600G"
"i2c1508127a","NCG TOH MULTIGRAIN RISOTTO 600G"
"i2c1508127a","NCG TOH TOMATO & SPINACH 600G"
"i2c1508137a","ECHO FALLS FRUIT PEACH & MANGO 75CL"
"i2c1508137a","ECHO FALLS FRUIT RASPBERRY & CASSIS 75CL"
"i2c1508137a","ECHO FALLS FRUIT ROSÉ BERRIES 75CL"
"i2c1508137a","ECHO FALLS FUSION SUMR BERRIES 18.7CL"
"i2c1508146a","GLADE CANDLE LUMINOUS SPICED APPLE"
"i2c1508146a","GLADE CANDLE VELVET TEA PARTY"
"i2c1508146a","GLADE CANDLE WITH LOVE"
"i2c1508169a2","GOODY GOOD STUFF COLA BREEZE 100G"
"i2c1508169a2","GOODY GOOD STUFF KOALA GUMMY BEARS 100G"
"i2c1508169a2","GOODY GOOD STUFF SOUR FRUIT SALAD 100G"
"i2c1508179a","CODORNIU CUVEE BARCELONA BRUT 75CL"
"i2c1508186a","OEP STAND N STUFF TORTILLAS 193G"
"i2c1508186a","OEP STANDNSTUFF EXTMILD SOFT TACOKIT329G"
"i2c1508186a","OEP STANDNSTUFF SOFTTACO SMOKYBBQKIT350G"
"i2c1508186a","OEP STND N STUF TACO KIT GAR&PAPRIK 312G"
"i2c1508186a2","OEP STANDNSTUFF EXTMILD SOFT TACOKIT329G"
"i2c1508186a2","OEP STANDNSTUFF SOFTTACO SMOKYBBQKIT350G"
"i2c1508203a","SNOG ORIGINAL 450ML"
"i2c1508203a","SNOG PASSIONFRUIT  450ML"
"i2c1508203a","SNOG STRAWBERRY & RASPBERRY 450ML"
"i2c1508204a","CAPRI SUN FRUIT CRUSH TROPICAL 5X200ML"
"i2c1508204a","CAPRI SUN ORANGE 10X200ML"
"i2c1508204a","CAPRI SUN ORANGE NAS 10X200ML"
"i2c1508206a","NESQUIK HOT CHOCOLATE 200G"
"i2c1508206a","NESQUIK HOT CHOCOLATE 400G"
"i2c1508206a","NESQUIK HOT CHOCOLATE 500G"
"i2c1508223a","KNORR BEEF STOCK POT GEL 4S 112G"
"i2c1508250a","NAKED COCONUT WATER 1L"
"i2c1508252a","KETTLE CHEFS SIGNATURE DUCK CRISPS 150G"
"i2c1508252a","KETTLE CHEFS SIGNATURE SALT CRISPS 150G"
"i2c1508252a","KETTLE CHEFS SIGNATURE WENSLEYDALE 150G"
"i2c1508254a","EK MANGO&PUMPKIN SMOOSHY SNACK 4X100G"
"i2c1508254a","EK PINEAPPLE&COCONUT FRUITY BARS 5X20G"
"i2c1508254a","EK RASPBERRY&MANGO FRUITY BARS 5X20G"
"i2c1508254a","EK STRAWBERRY&BEETROOT SMOOSHY SNK4X100G"
"i2c1508257a","JACK DANIELS 70CL"
"i2c1508257a","JACK DANIELS LTD ED SINGLE BARREL 70CL"
"i2c1508257a","JACK DANIELS SINGLE BARREL 70CL"
"i2c1508257a","JACK DANIELS TENNESSEE HONEY 70CL"
"i2c1508257aS","SOUTHERN COMFORT 70CL"
"i2c1508265a","ORAL B PRO CROSS ACTION 2000 BRUSH"
"i2c1508265a","ORAL B STAGE 3 TOOTHBRUSH"
"i2c1508265a","ORAL B TPASTE PRO EXPERT CLEAN MINT 75ML"
"i2c1508265a","ORAL B VITALITY STAGES AVENGERS TBRUSH"
"i2c1508281a","MR KIPLING BELG CHOC DELECTABLE WHIRL X4"
"i2c1508281a","MR KIPLING SLTD CRML DELECTABLE WHIRL X4"
"i2c1509002a","JS BEEF LASAGNE 430G"
"i2c1509002a","JS MACARONI CHEESE 430G"
"i2c1509002a","JS SPAGHETTI CARBONARA 430G"
"i2c1509004a","PHILADELPHIA 180G"
"i2c1509004a2","PHILADELPHIA 180G"
"i2c1509004a2","PHILADELPHIA 280G"
"i2c1509010a","NATURES PATH GLF MESA SUNRISE 355G"
"i2c1509010a","NATURES PATH GLUTEN FREE OS 325G"
"i2c1509014a","RIBENA WINTER SPICE 850ML"
"i2c1509016a","AUNT BESSIES 12 YORKSHIRE PUDDINGS 220G"
"i2c1509016a","AUNT BESSIES HOMESTYLE ROAST POTS 907G"
"i2c1509016a2","AUNT BESSIES 12 YORKSHIRE PUDDINGS 220G"
"i2c1509016a2","AUNT BESSIES HOMESTYLE ROAST POTS 907G"
"i2c1509018a","CADBURY BUTTERSCOTCH HOT CAKES X2"
"i2c1509018a","CADBURY CHOCOLATE HOT CAKES X2"
"i2c1509022a","KENCO MILLICANO DARK ROAST COFFEE 95G"
"i2c1509029a","J2O MIDNIGHT FOREST 4X275ML"
"i2c1509030a","LINDT MASTER CHOCOLATIER COLLECTION 144G"
"i2c1509030a","LINDT MASTER CHOCOLATIER COLLECTION 305G"
"i2c1509030a","LINDT MASTER CHOCOLATIER TRUFFLES 83G"
"i2c1509042a","OLD MOUT CIDER GLASS"
"i2c1509042a","OLD MOUT CIDER KIWI & LIME 500ML"
"i2c1509042a","OLD MOUT CIDER SUMMER BERRIES 500ML"
"i2c1509042a","OLD MOUT PASSIONFRUIT & APPLE 500ML"
"i2c1509042a","OLD MOUT POMEGRANATE & STRAWBERRY 500ML"
"i2c1509046a","PHILADELPHIA WHIPPED GARLIC & HERBS 140G"
"i2c1509046a","PHILADELPHIA WHIPPED OLIVES 140G"
"i2c1509046a","PHILADELPHIA WHIPPED PLAIN 140G"
"i2c1509048a","BENECOL BUTTERY SPREAD 500G"
"i2c1509048a","BENECOL LIGHT SPREAD 500G"
"i2c1509048a","BENECOL OLIVE SPREAD 500G"
"i2c1509061a","CARLING 15X440ML"
"i2c1509067a","JACOBS CRACKER CRISP SALT & VINEGAR 150G"
"i2c1509067a","JACOBS CRACKER CRISPS SWEET CHILLI 150G"
"i2c1509067a","JACOBS CRACKERS CRISPS SC & CHIVE 150G"
"i2c1509069a","COLMANS SHEPHERDS PIE MIX 50G"
"i2c1509070a","HAYWARDS HOT & SPICY ONIONS 400G"
"i2c1509070a","HAYWARDS SWEET & MILD BABY BEETROOT 400G"
"i2c1509070a","HAYWARDS SWEET & MILD SILVERSKINS 400G"
"i2c1509070a","HAYWARDS TANGY CRINKLE BEETROOT 400G"
"i2c1509070a","HAYWARDS TANGY SILVERSKIN ONIONS 400G"
"i2c1509070a","HAYWARDS TANGY TRADITIONAL ONIONS 400G"
"i2c1509101a","MOUNTAIN DEW 6X330ML"
"i2c1509103a","FLORA PRO-ACTIV BUTTERY 500G"
"i2c1509103a","FLORA PROACTIV POMEGRANATE & RASP 6X100G"
"i2c1509106a","PAMPERS ACTIVE FIT ESSENTIAL PK SZ5 [35]"
"i2c1509106a","PAMPERS BABY DRY ESSENTIAL PK SZ5+ [35]"
"i2c1509106a2","PAMPERS ACTIVE FIT ESSENTIAL PK SZ5 [35]"
"i2c1509106a2","PAMPERS BABY DRY ESSENTIAL PK SZ5+ [35]"
"i2c1509107a1","LENOR AMBER FLOWER 925ML"
"i2c1509107a1","LENOR CONCENTRATE FRESH MEADOW 550ML"
"i2c1509107a1","LENOR CONCENTRATE SPRING AWAKENING 1.1L"
"i2c1509107a1","LENOR CONCENTRATE SPRING AWAKENING 550ML"
"i2c1509107a1","LENOR CONCENTRATE SPRING AWAKNING 2.905L"
"i2c1509107a1","LENOR CONCENTRATE SUMMER BREEZE 1.1L"
"i2c1509107a1","LENOR CONCENTRATE SUMMER BREEZE 2.905L"
"i2c1509107a1","LENOR CONCENTRATE SUMMER BREEZE 550ML"
"i2c1509107a1","LENOR COTTON FLOWERS 1.9L"
"i2c1509107a1","LENOR DIAMOND & LOTUS FLOWER 925ML"
"i2c1509107a1","LENOR EMERALD & IVORY FLOWERS 925ML"
"i2c1509107a1","LENOR FRESH MEADOW 1.1L"
"i2c1509107a1","LENOR GOLD ORCHID 1.8L"
"i2c1509107a1","LENOR GOLD ORCHID 925ML"
"i2c1509107a1","LENOR INFUSIONS AMETHYST & FLORAL 1.16L"
"i2c1509107a1","LENOR INFUSIONS DIAMOND & LOTUS 1.16L"
"i2c1509107a1","LENOR INFUSIONS GOLD ORCHID 550ML"
"i2c1509107a1","LENOR INFUSIONS PEARL & MOONFLOWER 1.16L"
"i2c1509107a1","LENOR INFUSIONS RUBY JASMINE 550ML"
"i2c1509107a1","LENOR INFUSIONS RUBY JASMINE 925ML"
"i2c1509107a1","LENOR INFUSIONS TOPAZ & MAGNOLIA 925ML"
"i2c1509107a1","LENOR INFUSIONS WILD FLOWER BLOOM 750ML"
"i2c1509107a1","LENOR MOONLIGHT HARMONY 1.1L"
"i2c1509107a1","LENOR MOONLIGHT HARMONY 750ML"
"i2c1509107a1","LENOR OCEAN ESCAPE 1.8L"
"i2c1509107a1","LENOR OCEAN ESCAPE 550ML"
"i2c1509107a1","LENOR OCEAN ESCAPE 925ML"
"i2c1509107a1","LENOR PURE CARE ALMOND OIL 1.1L"
"i2c1509107a1","LENOR SPRING AWAKENING 1.9L"
"i2c1509107a1","LENOR SUMMER BREEZE 1.9L"
"i2c1509107a1","LENOR TUMBLE DRYER SHEETS X34"
"i2c1509107a1","LENOR WILD FLOWER BLOOM 925ML"
"i2c1509107a2","FAIRY NON BIO GEL 592ML"
"i2c1509107a2","FAIRY NON BIO GEL 888ML"
"i2c1509107a2","FAIRY NON BIO LIQUID 1.2L"
"i2c1509107a2","FAIRY NON BIO LIQUID 2L"
"i2c1509107a2","FAIRY NON BIO LIQUID 3L"
"i2c1509107a2","FAIRY NON BIO LIQUITABS X10 350G"
"i2c1509107a2","FAIRY NON BIO LIQUITABS X30"
"i2c1509107a2","FAIRY NON BIO PODS X12"
"i2c1509107a2","FAIRY NON BIO PODS X19 554.8G"
"i2c1509107a2","FAIRY NON BIO PODS X38 1109.6G"
"i2c1509107a2","FAIRY NON BIO POWDER 1.43KG"
"i2c1509107a2","FAIRY NON BIO POWDER 2.6KG"
"i2c1509107a2","FAIRY NON BIO POWDER 3.6KG"
"i2c1509107a2","FAIRY NON BIO POWDER 4.22KG"
"i2c1509107a2","FAIRY NON BIO POWDER 650G"
"i2c1509107a2","FAIRY NON BIO TABLETS X24"
"i2c1509107a2","FAIRY NON BIO TABLETS X40 1.32KG"
"i2c1509107a3","FAIRY LIQUID PLATINUM 615ML"
"i2c1509107a3","FAIRY LIQUID PLATINUM LEMON 383ML"
"i2c1509107a3","FAIRY LIQUID PLATINUM LEMON 615ML"
"i2c1509107a3","FAIRY LIQUID PLATINUM ORIGINAL 383ML"
"i2c1509107a4","FAIRY LIQUID PLATINUM 615ML"
"i2c1509107a4","FAIRY LIQUID PLATINUM LEMON 383ML"
"i2c1509107a4","FAIRY LIQUID PLATINUM LEMON 615ML"
"i2c1509107a4","FAIRY LIQUID PLATINUM ORIGINAL 383ML"
"i2c1509107a5","FEBREZE AEROSOL APPLE & SPICE 300ML"
"i2c1509107a5","FEBREZE AEROSOL BLOSSOM 300ML"
"i2c1509107a5","FEBREZE AEROSOL COASTAL ESCAPE 300ML"
"i2c1509107a5","FEBREZE AEROSOL COTTON 300ML"
"i2c1509107a5","FEBREZE AEROSOL FREESIA BLOOM 300ML"
"i2c1509107a5","FEBREZE AEROSOL HIMALAYA 300ML"
"i2c1509107a5","FEBREZE AEROSOL HOLLYBERRIES 300ML"
"i2c1509107a5","FEBREZE AEROSOL JAPAN TATAMI 300ML"
"i2c1509107a5","FEBREZE AEROSOL LOTUS VERBENA 300ML"
"i2c1509107a5","FEBREZE AEROSOL MEADOW 300ML"
"i2c1509107a5","FEBREZE AEROSOL MOONLIT LAVENDER 300ML"
"i2c1509107a5","FEBREZE AEROSOL QUIET JASMINE 300ML"
"i2c1509107a5","FEBREZE AEROSOL SANDALWOOD 300ML"
"i2c1509107a5","FEBREZE AEROSOL SPICED APPLE 300ML"
"i2c1509107a5","FEBREZE AEROSOL THAI ORCHID 300ML"
"i2c1509107a5","FEBREZE AEROSOL VANILLA 300ML"
"i2c1509107a5","FEBREZE AEROSOL WARM MILK & HONEY 300ML"
"i2c1509107a5","FEBREZE AEROSOL WILDFLOWER 300ML"
"i2c1509107a5","FEBREZE AEROSOL WINTER GARDEN 300ML"
"i2c1509107a5","FEBREZE SPRAY APPLE SPICE 300ML"
"i2c1509107a5","FEBREZE SPRAY NEW ZEALAND 300ML"
"i2c1509107a5","FEBREZE SPRAY WINTER 300ML"
"i2c1509107a5","FEBREZE SPRY SEASONAL SPRING 300ML"
"i2c1509107a6","FAIRY NON BIO GEL 592ML"
"i2c1509107a6","FAIRY NON BIO GEL 888ML"
"i2c1509107a6","FAIRY NON BIO LIQUID 1.2L"
"i2c1509107a6","FAIRY NON BIO LIQUID 2L"
"i2c1509107a6","FAIRY NON BIO LIQUID 3L"
"i2c1509107a6","FAIRY NON BIO LIQUITABS X10 350G"
"i2c1509107a6","FAIRY NON BIO LIQUITABS X30"
"i2c1509107a6","FAIRY NON BIO PODS X12"
"i2c1509107a6","FAIRY NON BIO PODS X19 554.8G"
"i2c1509107a6","FAIRY NON BIO PODS X38 1109.6G"
"i2c1509107a6","FAIRY NON BIO POWDER 1.43KG"
"i2c1509107a6","FAIRY NON BIO POWDER 2.6KG"
"i2c1509107a6","FAIRY NON BIO POWDER 3.6KG"
"i2c1509107a6","FAIRY NON BIO POWDER 4.22KG"
"i2c1509107a6","FAIRY NON BIO POWDER 650G"
"i2c1509107a6","FAIRY NON BIO TABLETS X24"
"i2c1509107a6","FAIRY NON BIO TABLETS X40 1.32KG"
"i2c1509107a7","FAIRY FABRIC SOFTENER 1.1L"
"i2c1509107a7","FAIRY FABRIC SOFTENER 1.9L"
"i2c1509107a7","FAIRY FABRIC SOFTENER 2.905L"
"i2c1509107a7","FAIRY FABRIC SOFTENER 550ML"
"i2c1509107a7","FAIRY FABRIC SOFTENER ALMOND OILS 1.1L"
"i2c1509107aA","ARIEL 3IN1 BIO PODS X3 CSTRIP"
"i2c1509107aA","ARIEL 3IN1 PODS BIO X12 345.6G"
"i2c1509107aA","ARIEL 3IN1 PODS BIO X19 547.2G"
"i2c1509107aA","ARIEL 3IN1 PODS BIO X30 864G"
"i2c1509107aA","ARIEL 3IN1 PODS BIO X38 1094.4G"
"i2c1509107aA","ARIEL 3IN1 PODS COLOUR X12 345.6G"
"i2c1509107aA","ARIEL 3IN1 PODS COLOUR X19 547.2G"
"i2c1509107aA","ARIEL 3IN1 PODS COLOUR X30"
"i2c1509107aA","ARIEL 3IN1 PODS COLOUR X38 1094.4G"
"i2c1509107aA","ARIEL 3IN1 PODS FEBREZE X19 547.2G"
"i2c1509107aA","ARIEL ACTILIFT BIO LIQUID 1.2L"
"i2c1509107aA","ARIEL ACTILIFT COLOUR LIQUID 1.2L"
"i2c1509107aA","ARIEL ACTILIFT WITH FEBREZE 1.2L"
"i2c1509107aA","ARIEL BIO EXCEL TABS X20 700G"
"i2c1509107aA","ARIEL BIO LIQUID 2L"
"i2c1509107aA","ARIEL BIO LIQUID 3L"
"i2c1509107aA","ARIEL BIO POWDER 1.43KG"
"i2c1509107aA","ARIEL BIO POWDER 2.6KG"
"i2c1509107aA","ARIEL BIO POWDER 3.6KG"
"i2c1509107aA","ARIEL BIO POWDER 4.225KG"
"i2c1509107aA","ARIEL BIO POWDER 650G"
"i2c1509107aA","ARIEL BIO TABLETS X40 1.32KG"
"i2c1509107aA","ARIEL COLOUR EXCEL TABS X20 700G"
"i2c1509107aA","ARIEL COLOUR LIQUID 2L"
"i2c1509107aA","ARIEL COLOUR POWDER 1.43KG"
"i2c1509107aA","ARIEL COLOUR POWDER 800G"
"i2c1509107aA","ARIEL COLOUR TABLETS X40 1320G"
"i2c1509107aA","ARIEL EXCEL GEL BIO 592ML"
"i2c1509107aA","ARIEL EXCEL GEL BIO 888ML"
"i2c1509107aA","ARIEL EXCEL GEL COLOUR 592ML"
"i2c1509107aA","ARIEL EXCEL GEL COLOUR 888ML"
"i2c1509107aA","ARIEL EXCEL GEL FEBREZE 592ML"
"i2c1509107aA","ARIEL EXCEL GEL FEBREZE 888ML"
"i2c1509107aA","ARIEL EXCEL TABS BIO X11 385G"
"i2c1509107aA","ARIEL EXCEL TABS BIO X33 1.155KG"
"i2c1509107aF","FLASH ALL PURPOSE CLEANER LEMON 500ML"
"i2c1509107aF","FLASH ALL PURPOSE LIQUID LEMON 1.5L"
"i2c1509107aF","FLASH ALL PURPOSE LIQUID LEMON 1L"
"i2c1509107aF","FLASH ANTIBAC WIPES 2 X 30"
"i2c1509107aF","FLASH ANTIBAC WIPES X60"
"i2c1509107aF","FLASH ANTIBAC WIPES X90"
"i2c1509107aF","FLASH BATHROOM CLEANER 500ML"
"i2c1509107aF","FLASH BATHROOM SPRAY 500ML"
"i2c1509107aF","FLASH BOTTLE BATHROOM 1L"
"i2c1509107aF","FLASH CITRUS KITCH/DEGREASER SPRAY 500ML"
"i2c1509107aF","FLASH ERASER BATHROOM X2"
"i2c1509107aF","FLASH ERASER EXTRA POWER"
"i2c1509107aF","FLASH ERASER EXTRA POWER X2"
"i2c1509107aF","FLASH ERASER KITCHEN X2"
"i2c1509107aF","FLASH LEMON WIPES 60S"
"i2c1509107aF","FLASH LEMON WIPES X90"
"i2c1509107aF","FLASH LIQUID BLOSSOM BREEZE 1.3L"
"i2c1509107aF","FLASH LIQUID COTTON FRESH 1.3L"
"i2c1509107aF","FLASH LIQUID GEL BLOSSOM & BREEZE 400ML"
"i2c1509107aF","FLASH LIQUID GEL BLOSSOM & BREEZE 520ML"
"i2c1509107aF","FLASH LIQUID GEL COTTON FRESH 400ML"
"i2c1509107aF","FLASH LIQUID GEL COTTON FRESH 520ML"
"i2c1509107aF","FLASH LIQUID GEL LEMON 400ML"
"i2c1509107aF","FLASH LIQUID GEL LEMON 600ML"
"i2c1509107aF","FLASH LIQUID GEL NEW ZEALAND SPRING520ML"
"i2c1509107aF","FLASH LIQUID GEL NZ SPRING 400ML"
"i2c1509107aF","FLASH M/P LEMON SPRAY 500ML"
"i2c1509107aF","FLASH MULTIPURPOSE SPRAY NZ 700ML"
"i2c1509107aF","FLASH POWERMOP REFILL PADS X12"
"i2c1509107aF","FLASH POWERMOP REFILL SEA MINERALS 1.25L"
"i2c1509107aF","FLASH SPRAY ANTI-BAC 500ML"
"i2c1509107aF","FLASH SPRAY BLOSSOM & BREEZE 730ML"
"i2c1509107aF","FLASH SPRAY COTTON FRESH 730ML"
"i2c1509107aF","FLASH SPRAY WITH BLEACH 500ML"
"i2c1509107aF","FLASH WIPE & GO ORANGE X60"
"i2c1509107aF","FLASH WITH FEBREZE LAVENDER APC 1L"
"i2c1509107aF","FLASH WOODEN FLOORS 1L"
"i2c1509107aF","FLASH WTH FEBREZE SPRAY CLEANER 500ML"
"i2c1509107aL","LENOR UNSTOPPABLES BLISS 275G"
"i2c1509107aL","LENOR UNSTOPPABLES BLISS 375G"
"i2c1509107aL","LENOR UNSTOPPABLES FRESH 275G"
"i2c1509107aL","LENOR UNSTOPPABLES FRESH 375G"
"i2c1509107aL","LENOR UNSTOPPABLES LAVISH 275G"
"i2c1509107aL","LENOR UNSTOPPABLES LAVISH 375G"
"i2c1509107aL","LENOR UNSTOPPABLES UPLIFT 275G"
"i2c1509107aL","LENOR UNSTOPPABLES UPLIFT 375G"
"i2c1509111a","KLEENEX ULTRASOFT REG TWIN PCK 3 PLY 80S"
"i2c1509111a2","KLEENEX BALSAM REG TWIN PACK 160 SHEETS"
"i2c1509116a","KNORR BEEF GRAVY POT 4S 112G"
"i2c1509124a","C&G BALANCE CREAMED PORRIDGE STG 1 125G"
"i2c1509124a","C&G BALANCE SPAG BOLOGNESE STAGE 2 200G"
"i2c1509124a","C&G BALANCE TUNA PENNE STAGE 3  250G"
"i2c1509125a","BOSCH TAS3202GB TASSIMO SUNY (V10)"
"i2c1509125a","TASSIMO CADBURYS CHOCOLATE PODS 240G"
"i2c1509125a","TASSIMO CARTE NOIRE CAPPUCCINO 267G"
"i2c1509125a","TASSIMO CARTE NOIRE LATTE MACCHIATO 267G"
"i2c1509125a","TASSIMO CN CARAMEL LATTE MACCHIATO 271G"
"i2c1509125a","TASSIMO COSTA AMERICANO X16 144G"
"i2c1509125a","TASSIMO COSTA CAPPUCCINO X8 280G"
"i2c1509125a","TASSIMO COSTA CARAMEL LATTE 271.2G"
"i2c1509125a","TASSIMO COSTA LATTE X8 239.2G"
"i2c1509125a","TASSIMO KENCO AMERICANO SMOOTH 16X8G"
"i2c1509125a","TASSIMO KENCO PURE COLOMBIAN 136G"
"i2c1509125a","TASSIMO OREO 332G"
"i2c1509125a2","BOSCH TAS3202GB TASSIMO SUNY (V10)"
"i2c1509125a2","TASSIMO CADBURYS CHOCOLATE PODS 240G"
"i2c1509125a2","TASSIMO CARTE NOIRE CAPPUCCINO 267G"
"i2c1509125a2","TASSIMO CARTE NOIRE LATTE MACCHIATO 267G"
"i2c1509125a2","TASSIMO CN CARAMEL LATTE MACCHIATO 271G"
"i2c1509125a2","TASSIMO COSTA AMERICANO X16 144G"
"i2c1509125a2","TASSIMO COSTA CAPPUCCINO X8 280G"
"i2c1509125a2","TASSIMO COSTA CARAMEL LATTE 271.2G"
"i2c1509125a2","TASSIMO COSTA LATTE X8 239.2G"
"i2c1509125a2","TASSIMO KENCO AMERICANO SMOOTH 16X8G"
"i2c1509125a2","TASSIMO KENCO PURE COLOMBIAN 136G"
"i2c1509125a2","TASSIMO OREO 332G"
"i2c1509125a2","TASSIMO PETIT DEJEUNER PODS 5C 132.8G"
"i2c1509125a2","TASSIMO VIVY COFFEE MACHINE TAS1252GB - BLACK (V10)"
"i2c1509131a","J2O MIDNIGHT FOREST 4X275ML"
"i2c1509134a","PLENTY FAT ROLL BORDER 2X75SHEETS"
"i2c1509134a","PLENTY WHITE KITCHEN TOWELS 6X50SHEETS"
"i2c1509142a","OYSTER BAY CHARDONNAY 75CL"
"i2c1509142a","OYSTER BAY MERLOT 75CL"
"i2c1509142a","OYSTER BAY PINOT NOIR 75CL"
"i2c1509142a","OYSTER BAY SAUVIGNON BLANC 75CL"
"i2c1509144a","SCAN ORIGINAL SWEDISH MEATBALLS 230G"
"i2c1509144a","SCAN ORIGINAL SWEDISH MEATBALLS 395G"
"i2c1510003a1","OLAY T/EFFECT BLEMISH CARE MOIST 50ML"
"i2c1510003a1","OLAY TOTAL EFFECT TOUCH OF FDTN MED 37ML"
"i2c1510003a1","OLAY TOTAL EFFECTS BB CREAM FAIR 50ML"
"i2c1510003a1","OLAY TOTAL EFFECTS BB CREAM MEDIUM 50ML"
"i2c1510003a1","OLAY TOTAL EFFECTS CC CREAM FAIR 50ML"
"i2c1510003a1","OLAY TOTAL EFFECTS CC CREAM MEDIUM 50ML"
"i2c1510003a1","OLAY TOTAL EFFECTS CLEANSING CLOTHS 20"
"i2c1510003a1","OLAY TOTAL EFFECTS CREAM WASH 150ML"
"i2c1510003a1","OLAY TOTAL EFFECTS DAY MOISTURISER 50ML"
"i2c1510003a1","OLAY TOTAL EFFECTS EYE CREAM 15ML"
"i2c1510003a1","OLAY TOTAL EFFECTS FIRST EFFECTS 50ML"
"i2c1510003a1","OLAY TOTAL EFFECTS FRAG/F MOISTURISER"
"i2c1510003a1","OLAY TOTAL EFFECTS FRAGRANCE FREE 50ML"
"i2c1510003a1","OLAY TOTAL EFFECTS MAKE UP REMOVER 150ML"
"i2c1510003a1","OLAY TOTAL EFFECTS MOIST&SERUM DUO 40ML"
"i2c1510003a1","OLAY TOTAL EFFECTS NIGHT MOISTURISER 37"
"i2c1510003a1","OLAY TOTAL EFFECTS NIGHT MOISTURISR 50ML"
"i2c1510003a1","OLAY TOTAL EFFECTS SENSITIVE 50ML"
"i2c1510003a1","OLAY TOTAL EFFECTS SERUM 50ML"
"i2c1510003a1","OLAY TOTAL EFFECTS SPF15 MOISTURISER"
"i2c1510003a1","OLAY TOTAL EFFECTS SUNSHINE DEEP 50ML"
"i2c1510003a1","OLAY TOTAL EFFECTS SUNSHINE LIGHT 50ML"
"i2c1510003a1","OLAY TOTAL EFFECTS T OF F CONCEALER15ML"
"i2c1510003a1","OLAY TOTAL EFFECTS T/SUN SPF15 DARK 37ML"
"i2c1510003a1","OLAY TOTAL EFFECTS T/SUN SPF15 LIGHT 37M"
"i2c1510003a1","OLAY TOTAL EFFECTS TCH FNDTION DARK 50ML"
"i2c1510003a1","OLAY TOTAL EFFECTS TOUCH FDTN FAIR 37ML"
"i2c1510003a1","OLAY TOTAL EFFECTS WAKE UP WPNDER 30ML"
"i2c1510003a2","ORAL B 2000 CROSS ACTION PINK E/BRUSH"
"i2c1510003a2","ORAL B 3000 WHITE&CLEAN ELECTRIC BRUSH"
"i2c1510003a2","ORAL B 600 WHITE AND CLEAN"
"i2c1510003a2","ORAL B 8500 PROFESSIONAL CARE"
"i2c1510003a2","ORAL B CROSS ACTION REFILL HEADS X2"
"i2c1510003a2","ORAL B CROSS ACTION REFILL HEADS X4"
"i2c1510003a2","ORAL B DUAL CLEAN BRUSH HEADS X2"
"i2c1510003a2","ORAL B FLEXI SOFT DUAL CLEAN BRSH HDS X4"
"i2c1510003a2","ORAL B FLOSS ACTION 600 BRUSH"
"i2c1510003a2","ORAL B HEADS FLOSS ACTION X 2"
"i2c1510003a2","ORAL B P STAGES VITALITY PRINCESS TBRUSH"
"i2c1510003a2","ORAL B PC PRECISION CLEAN 600"
"i2c1510003a2","ORAL B POWER REFILLS AVENGERS 4PK"
"i2c1510003a2","ORAL B POWER STAGES REFILL 4PK"
"i2c1510003a2","ORAL B PRECISION CLEAN PWR BRUSHHEADS X2"
"i2c1510003a2","ORAL B PRECISION CLEAN PWR BRUSHHEADS X4"
"i2c1510003a2","ORAL B PRECISION CLEAN REFILL X8"
"i2c1510003a2","ORAL B PRO CROSS ACTION 2000 BRUSH"
"i2c1510003a2","ORAL B PRO CROSS ACTION 3000 BRUSH"
"i2c1510003a2","ORAL B PRO CROSS ACTION 4000 BRUSH"
"i2c1510003a2","ORAL B PRO CROSS ACTION 600 BRUSH"
"i2c1510003a2","ORAL B PRO WHITE BRUSH HEADS X4"
"i2c1510003a2","ORAL B PRO WHITE POWER BRUSH HEADS X 2"
"i2c1510003a2","ORAL B PROF CARE 500 FLOSS ACTION"
"i2c1510003a2","ORAL B PROFESSIONAL CARE 500 BRUSH"
"i2c1510003a2","ORAL B PROFESSIONAL CARE 8500 DELUXE"
"i2c1510003a2","ORAL B PROFESSIONAL CARE 8500 MODE 2 NEW"
"i2c1510003a2","ORAL B PULSAR PRO-EXPERT 35 SOFT BRUSH"
"i2c1510003a2","ORAL B REFILL HEADS FLOSS ACTION 4"
"i2c1510003a2","ORAL B TRIZONE 1000/2000 RECHARGE BRUSH"
"i2c1510003a2","ORAL B TRIZONE 600 RECHARGEABLE BRUSH"
"i2c1510003a2","ORAL B TRIZONE HEADS X4"
"i2c1510003a2","ORAL B TRIZONE REFILL HEADS X2"
"i2c1510003a2","ORAL B VITALITY CROSS ACTION/PRECISION"
"i2c1510003a2","ORAL B VITALITY DUAL ACTION POWERT/BRUSH"
"i2c1510003a2","ORAL B VITALITY DUAL CLEAN BRUSH/TIMER"
"i2c1510003a2","ORAL B VITALITY PLUS TRIZONE TBRUSH"
"i2c1510003a2","ORAL B VITALITY PLUS WHITE&CLEAN TBRUSH"
"i2c1510003a2","ORAL B VITALITY PLUSCROSS ACTION  TBRUSH"
"i2c1510003a2","ORAL B VITALITY PRO WHITE BRUSH + TIMER"
"i2c1510003a2","ORAL B VITALITY SONIC &TIMER TOOTHBRUSH"
"i2c1510003a2","ORAL B VITALITY STAGES AVENGERS TBRUSH"
"i2c1510003a3","BRAUN 5780 SILK-EPIL 5 EPILATOR (V10)"
"i2c1510003a3","BRAUN SERIES 3 3040S RECHARGEABLE WET AND DRY ELECTRIC SHAVER (V10)"
"i2c1510003a3","BRAUN SERIES 340-3 WET AND DRY SHAVER - NO COLOUR (V10)"
"i2c1510003aG","GILLETTE FUSION P/GDE ENG MAN BD X3+FLAG"
"i2c1510003aG","GILLETTE FUSION P/GLD MAN BLDS X 4"
"i2c1510003aG","GILLETTE FUSION P/GLD PWR BLADES X 4"
"i2c1510003aG","GILLETTE FUSION P/GLDE RAZOR, GEL & MOIS"
"i2c1510003aG","GILLETTE FUSION PROGLIDE ENG MAN RAZOR"
"i2c1510003aG","GILLETTE FUSION PROGLIDE LTD EDT MAN RZR"
"i2c1510003aG","GILLETTE FUSION PROGLIDE MAN BLADES X3"
"i2c1510003aG","GILLETTE FUSION PROGLIDE MAN RAZOR 1 UP"
"i2c1510003aG","GILLETTE FUSION PROGLIDE MANUAL BLADESX6"
"i2c1510003aG","GILLETTE FUSION PROGLIDE MANUAL RAZOR"
"i2c1510003aG","GILLETTE FUSION PROGLIDE POWER BLADES X3"
"i2c1510003aG","GILLETTE FUSION PROGLIDE POWER BLADES X6"
"i2c1510003aG","GILLETTE FUSION PROGLIDE POWER RAZOR"
"i2c1510003aG","GILLETTE FUSION PROGLIDE STYLER RAZOR"
"i2c1510003aG","GILLETTE PROGLIDE ENGLAND RAZOR C/ST"
"i2c1510003aG","GILLETTE PROGLIDE GROOMING GIFT SET"
"i2c1510003aG","GILLETTE PROGLIDE MAN BLADE X7 + RAZOR"
"i2c1510003aG","GILLETTE PROGLIDE MAN SP EDITION RAZOR"
"i2c1510003aG","GILLETTE PROGLIDE MANUAL BLADES X 10"
"i2c1510003aG","GILLETTE PROGLIDE PWR SILVER TOUCH RAZOR"
"i2c1510003aG","GILLETTE PROGLIDE RAZOR & BLADE PACK"
"i2c1510003aG","GILLETTE PROGLIDE WITH FLEXBALL MAN RZR"
"i2c1510003aG","GILLETTE PROGLIDE WITH FLEXBALL POWER RZ"
"i2c1510003aH","H&S  ITCHY SCALP CONDITIONER 200ML"
"i2c1510003aH","H&S 2 IN 1 CITRUS FRESH 450ML"
"i2c1510003aH","H&S 2 IN 1 DRY SCALP 450ML"
"i2c1510003aH","H&S 2 IN 1 HAIR ENDURANCE 450ML"
"i2c1510003aH","H&S 2 IN 1 ITCHY SCALP 450ML"
"i2c1510003aH","H&S 2 IN 1 SENSITIVE 450ML"
"i2c1510003aH","H&S 2 IN 1 SMOOTH & SILKY 450ML"
"i2c1510003aH","H&S ACTIVE SPORT SHAMPOO 250ML"
"i2c1510003aH","H&S ACTIVE SPORT SHAMPOO 500ML"
"i2c1510003aH","H&S APPLE 2 IN 1 450ML"
"i2c1510003aH","H&S APPLE CONDITIONER 200ML"
"i2c1510003aH","H&S APPLE CONDITIONER 400ML"
"i2c1510003aH","H&S APPLE SHAMPOO 250ML"
"i2c1510003aH","H&S APPLE SHAMPOO 500ML"
"i2c1510003aH","H&S CITRUS FRESH CONDITIONER 200ML"
"i2c1510003aH","H&S CITRUS FRESH SHAMPOO 250ML"
"i2c1510003aH","H&S CITRUS FRESH SHAMPOO 500ML"
"i2c1510003aH","H&S CLASSIC 2 IN 1 225ML"
"i2c1510003aH","H&S CLASSIC CLEAN 2 IN 1 250ML"
"i2c1510003aH","H&S CLASSIC CLEAN 2 IN 1 450ML"
"i2c1510003aH","H&S CLASSIC CLEAN 2IN1 500ML"
"i2c1510003aH","H&S CLASSIC CLEAN CONDITIONER 200ML"
"i2c1510003aH","H&S CLASSIC CLEAN CONDITIONER 400ML"
"i2c1510003aH","H&S CLASSIC CLEAN SHAMPOO 250ML"
"i2c1510003aH","H&S CLASSIC CLEAN SHAMPOO 500ML"
"i2c1510003aH","H&S COLOUR CARE CONDITIONER 200ML"
"i2c1510003aH","H&S COLOUR CARE CONDITIONER 400ML"
"i2c1510003aH","H&S COLOUR CARE SHAMPOO 250ML"
"i2c1510003aH","H&S COLOUR CARE SHAMPOO 500ML"
"i2c1510003aH","H&S DAMAGE RESCUE CONDITIONER 200ML"
"i2c1510003aH","H&S DAMAGE RESCUE SHAMPOO 250ML"
"i2c1510003aH","H&S DAMAGE RESCUE SHAMPOO 500ML"
"i2c1510003aH","H&S DRY SCALP CONDITIONER 400ML"
"i2c1510003aH","H&S DRY SCALP SHAMPOO 500ML"
"i2c1510003aH","H&S ENDURANCE SHAMPOO 500ML"
"i2c1510003aH","H&S FOR MEN 2 IN 1 SHAMPOO 450ML"
"i2c1510003aH","H&S FOR MEN SHAMPOO 250ML"
"i2c1510003aH","H&S FOR MEN SHAMPOO 500ML"
"i2c1510003aH","H&S HAIR ENDURANCE TONIC MEN 125ML"
"i2c1510003aH","H&S INSTANT DEEP CLEAN SHAMPOO 450ML"
"i2c1510003aH","H&S INSTANT DRY SCALP SHAMPOO 450ML"
"i2c1510003aH","H&S INSTANT RELIEF SHAMPOO 450ML"
"i2c1510003aH","H&S ITCHY SCALP CONDITIONER 400ML"
"i2c1510003aH","H&S ITCHY SCALP SHAMPOO 250ML"
"i2c1510003aH","H&S ITCHY SCALP SHAMPOO 500ML"
"i2c1510003aH","H&S MENTHOL SHAMPOO 500ML"
"i2c1510003aH","H&S SENSITIVE CONDITIONER 200ML"
"i2c1510003aH","H&S SENSITIVE SHAMPOO 250ML"
"i2c1510003aH","H&S SENSITIVE SHAMPOO 500ML"
"i2c1510003aH","H&S SMOOTH & SILKY CONDITIONER 200ML"
"i2c1510003aH","H&S SMOOTH & SILKY CONDITIONER 400ML"
"i2c1510003aH","H&S SMOOTH & SILKY SHAMPOO 250ML"
"i2c1510003aH","H&S SMOOTH & SILKY SHAMPOO 500ML"
"i2c1510003aH","H&S THICK & STRONG 2 IN 1 450ML"
"i2c1510003aH","H&S THICK & STRONG CONDITIONER 400ML"
"i2c1510003aH","H&S THICK & STRONG SHAMPOO 500ML"
"i2c1510003aV","GILLETTE VENUS EMBRACE BLADES 3S"
"i2c1510003aV","GILLETTE VENUS EMBRACE BLADES X 4"
"i2c1510003aV","GILLETTE VENUS EMBRACE RAZOR"
"i2c1510003aV","GILLETTE VENUS EMBRACE SENS BLDS X 4"
"i2c1510003aV","GILLETTE VENUS SNAP EMBRACE RAZOR"
"i2c1510006a","PARAMPARA TIKKA MASALA 80G"
"i2c1510007a","JAMIE OLIVER CURRIED CHICKPEAS 250G"
"i2c1510007a","JAMIE OLIVER SWEET CHILLI SPELT 250G"
"i2c1510007a","JAMIE OLIVER TOM & OLIVE QUINOA 250G"
"i2c1510008a","MIKADO DAIM 70G"
"i2c1510008a","MIKADO KING CHOCO HAZELNUTS 51G"
"i2c1510008a","MIKADO MILK CHOC BISCUITS 75G"
"i2c1510008a","MIKADO WHITE 70G"
"i2c1510013a","SKITTLES FUNSIZE 11 X 18G PACK"
"i2c1510013a","STARBURST TRICK OR TREAT POUCH 165G"
"i2c1510020a","NAPOLINA 5 BEAN SALAD 400G"
"i2c1510020a","NAPOLINA BALSAMIC AGED VINEGAR 250ML"
"i2c1510020a","NAPOLINA BALSAMIC VINEGAR 2 250ML"
"i2c1510020a","NAPOLINA CHOPPED TOMATOES 400G"
"i2c1510020a","NAPOLINA CHOPPED TOMATOES 4X400G"
"i2c1510020a","NAPOLINA EXTRA VIRGIN OLIVE OIL 1L"
"i2c1510020a","NAPOLINA EXTRA VIRGIN OLIVE OIL 250ML"
"i2c1510020a","NAPOLINA EXTRA VIRGIN OLIVE OIL 500ML"
"i2c1510020a","NAPOLINA FUSILLI 500G"
"i2c1510020a","NAPOLINA LIGHT & MILD OLIVE OIL 1L"
"i2c1510020a","NAPOLINA LIGHT & MILD OLIVE OIL 250ML"
"i2c1510020a","NAPOLINA LIGHT AND MILD OLIVE OIL 500ML"
"i2c1510020a","NAPOLINA OLIVE OIL 1L"
"i2c1510020a","NAPOLINA OLIVE OIL 250ML"
"i2c1510020a","NAPOLINA OLIVE OIL 500ML"
"i2c1510020a","NAPOLINA PASSATA WITH BASIL 390G"
"i2c1510020a","NAPOLINA PENNE 500G"
"i2c1510020a","NAPOLINA PLUM TOMATOES 4 PACK 4 X 400G"
"i2c1510020a","NAPOLINA SPAGHETTI 500G"
"i2c1510020a","NAPOLINA TOMATO PUREE 142G"
"i2c1510020a2","NAPOLINA 5 BEAN SALAD 400G"
"i2c1510020a2","NAPOLINA BALSAMIC AGED VINEGAR 250ML"
"i2c1510020a2","NAPOLINA BALSAMIC VINEGAR 2 250ML"
"i2c1510020a2","NAPOLINA CHOPPED TOMATOES 400G"
"i2c1510020a2","NAPOLINA CHOPPED TOMATOES 4X400G"
"i2c1510020a2","NAPOLINA EXTRA VIRGIN OLIVE OIL 1L"
"i2c1510020a2","NAPOLINA EXTRA VIRGIN OLIVE OIL 250ML"
"i2c1510020a2","NAPOLINA EXTRA VIRGIN OLIVE OIL 500ML"
"i2c1510020a2","NAPOLINA FUSILLI 500G"
"i2c1510020a2","NAPOLINA LIGHT & MILD OLIVE OIL 1L"
"i2c1510020a2","NAPOLINA LIGHT & MILD OLIVE OIL 250ML"
"i2c1510020a2","NAPOLINA LIGHT AND MILD OLIVE OIL 500ML"
"i2c1510020a2","NAPOLINA OLIVE OIL 1L"
"i2c1510020a2","NAPOLINA OLIVE OIL 250ML"
"i2c1510020a2","NAPOLINA OLIVE OIL 500ML"
"i2c1510020a2","NAPOLINA PASSATA WITH BASIL 390G"
"i2c1510020a2","NAPOLINA PENNE 500G"
"i2c1510020a2","NAPOLINA PLUM TOMATOES 4 PACK 4 X 400G"
"i2c1510020a2","NAPOLINA SPAGHETTI 500G"
"i2c1510020a2","NAPOLINA TOMATO PUREE 142G"
"i2c1510033a","ANDREX WHITE TOILET TISSUE 16X220 SHEETS"
"i2c1510041a","GREY GOOSE VODKA 70CL"
"i2c1510046a","LINDOR MILK & WHITE CORNET 200G"
"i2c1510046a","LINDOR MILK ORANGE CORNET 200G"
"i2c1510046a","LINDT LINDOR ASSORTED CORNET 200G"
"i2c1510046a","LINDT LINDOR COCONUT 200G"
"i2c1510046a","LINDT LINDOR DARK 60% 200G"
"i2c1510046a","LINDT LINDOR MILK CORNET 200G"
"i2c1510046a","LINDT LINDOR WHITE 200G"
"i2c1510047a","LINDT GOLD REINDEER 100G"
"i2c1510047a","LINDT GOLD TEDDY BEAR 100G"
"i2c1510047a","LINDT RED SANTA 125G"
"i2c1510051a","STORK WITH BUTTER 400G"
"i2c1510052a","FLORA PRO-ACTIV BUTTERY 500G"
"i2c1510052a","FLORA PROACTIV POMEGRANATE & RASP 6X100G"
"i2c1510054a","FERRERO RAFFAELLO 240G"
"i2c1510054a","FERRERO ROCHER 525G"
"i2c1510054a2","FERRERO COLLECTION 359G"
"i2c1510054a2","FERRERO RAFFAELLO 240G"
"i2c1510054a2","FERRERO ROCHER 525G"
"i2c1510061a","CHAMBORD LIQUEUR 20CL"
"i2c1510062a","COURVOISIER VSOP COGNAC 70CL"
"i2c1510074a","SAILOR JERRY SPICED RUM 70CL"
"i2c1510074a","THREE BARRELS HONEY 70CL"
"i2c1510108a","GRANTS SIGNATURE BLENDED WHISKY 70CL"
"i2c1510116a","KLG COCO POPS MINI BISCUITS 5X24G"
"i2c1510116a","KLG RICE KRISPIES MINI BISCUIT 5X24G"
"i2c1510136a","TAYLORS BRAZILIAN CAPSULES X10 50G"
"i2c1510136a","TAYLORS COLOMBIAN CAPSULES X10 50G"
"i2c1510136a","TAYLORS KENYAN CAPSULES X10 50G"
"i2c1510145a","RYVITA FRUIT CRUNCH APPLE & CINNAMN 200G"
"i2c1511003a","KINGSMILL SOFT WHITE 400G"
"i2c1511003a","KINGSMILL SOFT WHITE MEDIUM 800G"
"i2c1511003a","KINGSMILL SOFT WHITE THICK 800G"
"i2c1511005a","WALKERS DELI BALSAMIC VINEGAR 150G"
"i2c1511005a","WALKERS DELI CHEDDAR 150G"
"i2c1511005a","WALKERS DELI CHORIZO 150G"
"i2c1511005a","WALKERS DELI PITA GARLIC & HERBS 165G"
"i2c1511015a","AMBROSIA DEVON CUSTARD 1KG"
"i2c1511015a","BISTO BEEF GRAVY GRANULES 170G"
"i2c1511015a","MR KIPLING CHRISTMAS FROSTY FANCIES X8"
"i2c1511015a","MR KIPLING DEEP FILLED MINCE PIES X6"
"i2c1511015a","OXO HERBS & MORE ROSEMARY & WINE 80G"
"i2c1511015a","OXO STOCK POTS CHICKEN 80G"
"i2c1511015a","PAXO SAGE & ONION STUFFING 190G"
"i2c1511028a","JS GRATED GRANA PADANO 125G"
"i2c1511028a","TTD PROSCIUTTO DI SAN DANIELE 70G"
"i2c1511069a","PHILADELPHIA LIGHT 180G"
"i2c1511069a","PHILADELPHIA LIGHT 280G"
"i2c1511069a","PHILADELPHIA LIGHTEST 180G"
"i2c1511069a","PHILADELPHIA MINI TUB LIGHT 140G"
"i2c1511103a","NAKED COCONUT WATER 500ML"
"i2c1511135a","BELVITA SOFT BAKES GOLDEN GRAIN 250G"
"i2c1511135a","BELVITA SOFT BAKES RED BERRIES 250G"
"i2c1512022P","PAMPERS  EASY UPS EP EXTRA LARGE X38"
"i2c1512022P","PAMPERS ACTIVE ESSENTIAL SZ5+ [32"
"i2c1512022P","PAMPERS ACTIVE FIT  CP SZ5+ [20]"
"i2c1512022P","PAMPERS ACTIVE FIT CP SZ 4+ MAXI+ X27"
"i2c1512022P","PAMPERS ACTIVE FIT CP SZ3 [29]"
"i2c1512022P","PAMPERS ACTIVE FIT CP SZ4+ (21)"
"i2c1512022P","PAMPERS ACTIVE FIT CP SZ5 [21]"
"i2c1512022P","PAMPERS ACTIVE FIT EP SZ4 MAXI+ 50"
"i2c1512022P","PAMPERS ACTIVE FIT ESS PK SZ 6 [31]"
"i2c1512022P","PAMPERS ACTIVE FIT ESSENTIAL PK SZ3(42)"
"i2c1512022P","PAMPERS ACTIVE FIT ESSENTIAL PK SZ4 [39]"
"i2c1512022P","PAMPERS ACTIVE FIT ESSENTIAL PK SZ5 [35]"
"i2c1512022P","PAMPERS ACTIVE FIT ESSENTIAL SZ4+ [37]"
"i2c1512022P","PAMPERS ACTIVE FIT LARGE BAG PK SZ3 [62]"
"i2c1512022P","PAMPERS ACTIVE FIT LARGE BAG PK SZ3+[58]"
"i2c1512022P","PAMPERS ACTIVE FIT LARGE BAG PK SZ4 [54]"
"i2c1512022P","PAMPERS ACTIVE FIT LARGE BAG PK SZ5 [47"
"i2c1512022P","PAMPERS ACTIVE FIT LARGE BAG PK SZ5+[45]"
"i2c1512022P","PAMPERS ACTIVE FIT LARGE BAG PK SZ6[43]"
"i2c1512022P","PAMPERS ACTIVE FIT LARGE BAG SZ4+ [50]"
"i2c1512022P","PAMPERS ACTIVE FIT PREM PRO CP SZ4 [24]"
"i2c1512022P","PAMPERS AF EP SZ4 MAXI X46 OLYMPIC 2012"
"i2c1512022P","PAMPERS BABY DRY  CP SZ4+ [24]"
"i2c1512022P","PAMPERS BABY DRY  SP SZ 5 [17]"
"i2c1512022P","PAMPERS BABY DRY CP SZ 2 X33"
"i2c1512022P","PAMPERS BABY DRY CP SZ3 [30]"
"i2c1512022P","PAMPERS BABY DRY CP SZ4 [25]"
"i2c1512022P","PAMPERS BABY DRY CP SZ5 [23]"
"i2c1512022P","PAMPERS BABY DRY CP SZ5+ [22]"
"i2c1512022P","PAMPERS BABY DRY CP SZ6 [19]"
"i2c1512022P","PAMPERS BABY DRY CP SZ6+ [19]"
"i2c1512022P","PAMPERS BABY DRY ESSENTIAL PK SZ3 [50]"
"i2c1512022P","PAMPERS BABY DRY ESSENTIAL PK SZ4 [44]"
"i2c1512022P","PAMPERS BABY DRY ESSENTIAL PK SZ4+ [41]"
"i2c1512022P","PAMPERS BABY DRY ESSENTIAL PK SZ5 [39]"
"i2c1512022P","PAMPERS BABY DRY ESSENTIAL PK SZ5+ [35]"
"i2c1512022P","PAMPERS BABY DRY ESSENTIAL PK SZ6 [33]"
"i2c1512022P","PAMPERS BABY DRY ESSENTIAL PK SZ6+ [30]"
"i2c1512022P","PAMPERS BABY DRY LARGE BAG PK SZ3 [70]"
"i2c1512022P","PAMPERS BABY DRY LARGE BAG PK SZ4 [62]"
"i2c1512022P","PAMPERS BABY DRY LARGE BAG PK SZ4+ [56]"
"i2c1512022P","PAMPERS BABY DRY LARGE BAG PK SZ5 [54]"
"i2c1512022P","PAMPERS BABY DRY LARGE BAG PK SZ5+ [48]"
"i2c1512022P","PAMPERS BABY DRY LARGE BAG PK SZ6 [44]"
"i2c1512022P","PAMPERS BABY DRY PANTS CP SZ4 [23]"
"i2c1512022P","PAMPERS BABY DRY PANTS CP SZ5 [21]"
"i2c1512022P","PAMPERS BABY DRY PANTS CP SZ6 [19]"
"i2c1512022P","PAMPERS BABY DRY PANTS SZ5 [36]"
"i2c1512022P","PAMPERS BABY DRY SIZE 6+ LARGE PACK X38"
"i2c1512022P","PAMPERS BABY DRY SP SIZE 4 X20 PMP"
"i2c1512022P","PAMPERS BABY DRY SP SZ 3 [22] PMP"
"i2c1512022P","PAMPERS BED MAT X7"
"i2c1512022P","PAMPERS CARE MAT X12"
"i2c1512022P","PAMPERS EASY UPS EP SZ 5 JUNIOR X38"
"i2c1512022P","PAMPERS EASY UPS SIZE 4 MAXI X42"
"i2c1512022P","PAMPERS NEW BABY  ESS PK SZ2(48)"
"i2c1512022P","PAMPERS NEW BABY CP SZ 3 X[29]"
"i2c1512022P","PAMPERS NEW BABY CP SZ1 [22]"
"i2c1512022P","PAMPERS NEW BABY CP SZ2 [31]"
"i2c1512022P","PAMPERS NEW BABY ESSENTIAL SZ 2 X54"
"i2c1512022P","PAMPERS NEW BABY ESSNTIAL PK SZ1 [44]"
"i2c1512022P","PAMPERS NEW BABY JUMBO MINI SZ2 [68]"
"i2c1512022P","PAMPERS NEW BABY JUMBO PACK SZ3 [66]"
"i2c1512022P","PAMPERS NEW BABY SENS CARRY PACK SZ2[28]"
"i2c1512022P","PAMPERS NEW BABY SENSTV CP SZ1 [23]"
"i2c1512022P","PAMPERS NEW BABY SZ 3 ESSENTIAL PACK X50"
"i2c1512022P","PAMPERS NEWBABY ESS N/BORN SZ1(39)"
"i2c1512022P","PAMPERS NEWBABY JUMBO PK SZ1 (72)"
"i2c1512022P","PAMPERS NEWBRN  MICRO  SZ0X24"
"i2c1512022P","PAMPERS SIMPLY DRY CP SZ 4 MAXI X26"
"i2c1512022P","PAMPERS SIMPLY DRY ESSENTIAL PK SZ3 [45]"
"i2c1512022P","PAMPERS SIMPLY DRY ESSENTIAL PK SZ5 [32]"
"i2c1512022P","PAMPERS SIMPLY DRY ESSENTIAL PK SZ6 [31]"
"i2c1512022P","PAMPERS SIMPLY DRY ESSNTIALL PK SZ4 [37]"
"i2c1512022P","PAMPERS SIMPLY DRY LGE BAG SZ3  X56"
"i2c1512022P","PAMPERS SIMPLY DRY LGE BAG SZ4  X46"
"i2c1512022P","PAMPERS SIMPLY DRY LGEBAG SZ4+  X44"
"i2c1512022P","PAMPERS SIMPLY DRY LRG BAG SZ5  X41"
"i2c1512022P","PAMPERS UNDERJAMS BOY SZ 7 X10"
"i2c1512022P","PAMPERS UNDERJAMS GIRL SIZE 7 X10"
"i2c1512022P","PMPR PRGRS ACTIVE FIT SIZE 4 MAXI CP 28"
"i2c1512022P","PMPR PRGRS AFIT SIZE 3 MIDI CP X34"
"i2c1512022P","PMPRS B/DRY PANTS ESSNTL PCK SIZE4X40"
"i2c1512022P","PRMPR B/DRYPANTS ESSENTIAL PK SZ6 [32] ]"
"i2c1512024a","HEINZ REDUCED SUGAR & SALT KETCHUP 555G"
"i2c1512046a","M&MS PEANUT 365G"
"i2c1512047a","CELEBRATIONS TUB 766G"
"i2c1516KC0M","HUGGIES BABY WIPES NATURAL ALOE CARE X56"
"i2c1516KC0M","HUGGIES PURE WIPES SINGLES X56"
"i2c1516KC0M1","HUGGIES DRYNITES BOY 3-5  X10"
"i2c1516KC0M1","HUGGIES DRYNITES BOY 4-7 YEARS X10"
"i2c1516KC0M1","HUGGIES DRYNITES GIRL  3-5  X10"
"i2c1516KC0M1","HUGGIES DRYNITES GIRL 4-7 YEARS X10"
"i2c1535KE0","KELLOGGS COCO POPS 550G"
"i2c1535KE0","KELLOGGS COCO POPS 800G"
"i2c1535KE0","KELLOGGS COCO POPS CROC PRINTS 350G"
"i2c1535KE0","KELLOGGS COCO POPS MOONS & STARS 370G"
"i2c1535KE0","KELLOGGS COCO POPS ROCKS 350G"
"i2c1535KE0","KELLOGGS RICE KRISPIES 340G"
"i2c1535KE0","KELLOGGS RICE KRISPIES 510G"
"i2c1535KE0","KELLOGGS RICE KRISPIES 700G"
"i2c1535KE0","KELLOGGS RICE KRISPIES MGRAIN STRW 325G"
"i2c1535KE0","KELLOGGS RICE KRISPIES MULTIGRAIN 350G"
"i2c1537AH0a","JS BRUSSELS PATE 170G"
"i2c15FAIFE","FAIRY FABRIC SOFTENER 1.1L"
"i2c15FAIFE","FAIRY FABRIC SOFTENER 1.9L"
"i2c15FAIFE","FAIRY FABRIC SOFTENER 2.905L"
"i2c15FAIFE","FAIRY FABRIC SOFTENER 550ML"
"i2c15FAIFE","FAIRY FABRIC SOFTENER ALMOND OILS 1.1L"
"i2c15FAINB","FAIRY NON BIO GEL 592ML"
"i2c15FAINB","FAIRY NON BIO GEL 888ML"
"i2c15FAINB","FAIRY NON BIO LIQUID 1.2L"
"i2c15FAINB","FAIRY NON BIO LIQUID 2L"
"i2c15FAINB","FAIRY NON BIO LIQUID 3L"
"i2c15FAINB","FAIRY NON BIO LIQUITABS X10 350G"
"i2c15FAINB","FAIRY NON BIO LIQUITABS X30"
"i2c15FAINB","FAIRY NON BIO PODS X12"
"i2c15FAINB","FAIRY NON BIO PODS X19 554.8G"
"i2c15FAINB","FAIRY NON BIO PODS X38 1109.6G"
"i2c15FAINB","FAIRY NON BIO POWDER 1.43KG"
"i2c15FAINB","FAIRY NON BIO POWDER 2.6KG"
"i2c15FAINB","FAIRY NON BIO POWDER 3.6KG"
"i2c15FAINB","FAIRY NON BIO POWDER 4.22KG"
"i2c15FAINB","FAIRY NON BIO POWDER 650G"
"i2c15FAINB","FAIRY NON BIO TABLETS X24"
"i2c15FAINB","FAIRY NON BIO TABLETS X40 1.32KG"
"i2c1601020a","CADBURY MILK TRAY 360G"
"i2c1601020a","CADBURY MILK TRAY 530G"
"i2cARIALV2","ARIEL 3IN1 BIO PODS X3 CSTRIP"
"i2cARIALV2","ARIEL 3IN1 PODS BIO X12 345.6G"
"i2cARIALV2","ARIEL 3IN1 PODS BIO X19 547.2G"
"i2cARIALV2","ARIEL 3IN1 PODS BIO X30 864G"
"i2cARIALV2","ARIEL 3IN1 PODS BIO X38 1094.4G"
"i2cARIALV2","ARIEL 3IN1 PODS COLOUR X12 345.6G"
"i2cARIALV2","ARIEL 3IN1 PODS COLOUR X19 547.2G"
"i2cARIALV2","ARIEL 3IN1 PODS COLOUR X30"
"i2cARIALV2","ARIEL 3IN1 PODS COLOUR X38 1094.4G"
"i2cARIALV2","ARIEL 3IN1 PODS FEBREZE X19 547.2G"
"i2cARIALV2","ARIEL ACTILIFT BIO LIQUID 1.2L"
"i2cARIALV2","ARIEL ACTILIFT COLOUR LIQUID 1.2L"
"i2cARIALV2","ARIEL ACTILIFT WITH FEBREZE 1.2L"
"i2cARIALV2","ARIEL BIO EXCEL TABS X20 700G"
"i2cARIALV2","ARIEL BIO LIQUID 2L"
"i2cARIALV2","ARIEL BIO LIQUID 3L"
"i2cARIALV2","ARIEL BIO POWDER 1.43KG"
"i2cARIALV2","ARIEL BIO POWDER 2.6KG"
"i2cARIALV2","ARIEL BIO POWDER 3.6KG"
"i2cARIALV2","ARIEL BIO POWDER 4.225KG"
"i2cARIALV2","ARIEL BIO POWDER 650G"
"i2cARIALV2","ARIEL BIO TABLETS X40 1.32KG"
"i2cARIALV2","ARIEL COLOUR EXCEL TABS X20 700G"
"i2cARIALV2","ARIEL COLOUR LIQUID 2L"
"i2cARIALV2","ARIEL COLOUR POWDER 1.43KG"
"i2cARIALV2","ARIEL COLOUR POWDER 800G"
"i2cARIALV2","ARIEL COLOUR TABLETS X40 1320G"
"i2cARIALV2","ARIEL EXCEL GEL BIO 592ML"
"i2cARIALV2","ARIEL EXCEL GEL BIO 888ML"
"i2cARIALV2","ARIEL EXCEL GEL COLOUR 592ML"
"i2cARIALV2","ARIEL EXCEL GEL COLOUR 888ML"
"i2cARIALV2","ARIEL EXCEL GEL FEBREZE 592ML"
"i2cARIALV2","ARIEL EXCEL GEL FEBREZE 888ML"
"i2cARIALV2","ARIEL EXCEL TABS BIO X11 385G"
"i2cARIALV2","ARIEL EXCEL TABS BIO X33 1.155KG"
"i2cARIALV4","ARIEL 3IN1 BIO PODS X3 CSTRIP"
"i2cARIALV4","ARIEL 3IN1 PODS BIO X12 345.6G"
"i2cARIALV4","ARIEL 3IN1 PODS BIO X19 547.2G"
"i2cARIALV4","ARIEL 3IN1 PODS BIO X30 864G"
"i2cARIALV4","ARIEL 3IN1 PODS BIO X38 1094.4G"
"i2cARIALV4","ARIEL 3IN1 PODS COLOUR X12 345.6G"
"i2cARIALV4","ARIEL 3IN1 PODS COLOUR X19 547.2G"
"i2cARIALV4","ARIEL 3IN1 PODS COLOUR X30"
"i2cARIALV4","ARIEL 3IN1 PODS COLOUR X38 1094.4G"
"i2cARIALV4","ARIEL 3IN1 PODS FEBREZE X19 547.2G"
"i2cARIALV4","ARIEL ACTILIFT BIO LIQUID 1.2L"
"i2cARIALV4","ARIEL ACTILIFT COLOUR LIQUID 1.2L"
"i2cARIALV4","ARIEL ACTILIFT WITH FEBREZE 1.2L"
"i2cARIALV4","ARIEL BIO EXCEL TABS X20 700G"
"i2cARIALV4","ARIEL BIO LIQUID 2L"
"i2cARIALV4","ARIEL BIO LIQUID 3L"
"i2cARIALV4","ARIEL BIO POWDER 1.43KG"
"i2cARIALV4","ARIEL BIO POWDER 2.6KG"
"i2cARIALV4","ARIEL BIO POWDER 3.6KG"
"i2cARIALV4","ARIEL BIO POWDER 4.225KG"
"i2cARIALV4","ARIEL BIO POWDER 650G"
"i2cARIALV4","ARIEL BIO TABLETS X40 1.32KG"
"i2cARIALV4","ARIEL COLOUR EXCEL TABS X20 700G"
"i2cARIALV4","ARIEL COLOUR LIQUID 2L"
"i2cARIALV4","ARIEL COLOUR POWDER 1.43KG"
"i2cARIALV4","ARIEL COLOUR POWDER 800G"
"i2cARIALV4","ARIEL COLOUR TABLETS X40 1320G"
"i2cARIALV4","ARIEL EXCEL GEL BIO 592ML"
"i2cARIALV4","ARIEL EXCEL GEL BIO 888ML"
"i2cARIALV4","ARIEL EXCEL GEL COLOUR 592ML"
"i2cARIALV4","ARIEL EXCEL GEL COLOUR 888ML"
"i2cARIALV4","ARIEL EXCEL GEL FEBREZE 592ML"
"i2cARIALV4","ARIEL EXCEL GEL FEBREZE 888ML"
"i2cARIALV4","ARIEL EXCEL TABS BIO X11 385G"
"i2cARIALV4","ARIEL EXCEL TABS BIO X33 1.155KG"
"i2cBRAUNV2","BRAUN 5780 SILK-EPIL 5 EPILATOR (V10)"
"i2cBRAUNV2","BRAUN SERIES 3 3040S RECHARGEABLE WET AND DRY ELECTRIC SHAVER (V10)"
"i2cBRAUNV2","BRAUN SERIES 340-3 WET AND DRY SHAVER - NO COLOUR (V10)"
"i2cBRAUNV4","BRAUN 5780 SILK-EPIL 5 EPILATOR (V10)"
"i2cBRAUNV4","BRAUN SERIES 3 3040S RECHARGEABLE WET AND DRY ELECTRIC SHAVER (V10)"
"i2cBRAUNV4","BRAUN SERIES 340-3 WET AND DRY SHAVER - NO COLOUR (V10)"
"i2cFABREV2","FEBREZE AEROSOL APPLE & SPICE 300ML"
"i2cFABREV2","FEBREZE AEROSOL BLOSSOM 300ML"
"i2cFABREV2","FEBREZE AEROSOL COASTAL ESCAPE 300ML"
"i2cFABREV2","FEBREZE AEROSOL COTTON 300ML"
"i2cFABREV2","FEBREZE AEROSOL FREESIA BLOOM 300ML"
"i2cFABREV2","FEBREZE AEROSOL HIMALAYA 300ML"
"i2cFABREV2","FEBREZE AEROSOL HOLLYBERRIES 300ML"
"i2cFABREV2","FEBREZE AEROSOL JAPAN TATAMI 300ML"
"i2cFABREV2","FEBREZE AEROSOL LOTUS VERBENA 300ML"
"i2cFABREV2","FEBREZE AEROSOL MEADOW 300ML"
"i2cFABREV2","FEBREZE AEROSOL MOONLIT LAVENDER 300ML"
"i2cFABREV2","FEBREZE AEROSOL QUIET JASMINE 300ML"
"i2cFABREV2","FEBREZE AEROSOL SANDALWOOD 300ML"
"i2cFABREV2","FEBREZE AEROSOL SPICED APPLE 300ML"
"i2cFABREV2","FEBREZE AEROSOL THAI ORCHID 300ML"
"i2cFABREV2","FEBREZE AEROSOL VANILLA 300ML"
"i2cFABREV2","FEBREZE AEROSOL WARM MILK & HONEY 300ML"
"i2cFABREV2","FEBREZE AEROSOL WILDFLOWER 300ML"
"i2cFABREV2","FEBREZE AEROSOL WINTER GARDEN 300ML"
"i2cFABREV2","FEBREZE SPRAY APPLE SPICE 300ML"
"i2cFABREV2","FEBREZE SPRAY NEW ZEALAND 300ML"
"i2cFABREV2","FEBREZE SPRAY WINTER 300ML"
"i2cFABREV2","FEBREZE SPRY SEASONAL SPRING 300ML"
"i2cFABREV4","FEBREZE AEROSOL APPLE & SPICE 300ML"
"i2cFABREV4","FEBREZE AEROSOL BLOSSOM 300ML"
"i2cFABREV4","FEBREZE AEROSOL COASTAL ESCAPE 300ML"
"i2cFABREV4","FEBREZE AEROSOL COTTON 300ML"
"i2cFABREV4","FEBREZE AEROSOL FREESIA BLOOM 300ML"
"i2cFABREV4","FEBREZE AEROSOL HIMALAYA 300ML"
"i2cFABREV4","FEBREZE AEROSOL HOLLYBERRIES 300ML"
"i2cFABREV4","FEBREZE AEROSOL JAPAN TATAMI 300ML"
"i2cFABREV4","FEBREZE AEROSOL LOTUS VERBENA 300ML"
"i2cFABREV4","FEBREZE AEROSOL MEADOW 300ML"
"i2cFABREV4","FEBREZE AEROSOL MOONLIT LAVENDER 300ML"
"i2cFABREV4","FEBREZE AEROSOL QUIET JASMINE 300ML"
"i2cFABREV4","FEBREZE AEROSOL SANDALWOOD 300ML"
"i2cFABREV4","FEBREZE AEROSOL SPICED APPLE 300ML"
"i2cFABREV4","FEBREZE AEROSOL THAI ORCHID 300ML"
"i2cFABREV4","FEBREZE AEROSOL VANILLA 300ML"
"i2cFABREV4","FEBREZE AEROSOL WARM MILK & HONEY 300ML"
"i2cFABREV4","FEBREZE AEROSOL WILDFLOWER 300ML"
"i2cFABREV4","FEBREZE AEROSOL WINTER GARDEN 300ML"
"i2cFABREV4","FEBREZE SPRAY APPLE SPICE 300ML"
"i2cFABREV4","FEBREZE SPRAY NEW ZEALAND 300ML"
"i2cFABREV4","FEBREZE SPRAY WINTER 300ML"
"i2cFABREV4","FEBREZE SPRY SEASONAL SPRING 300ML"
"i2cFAIDADWV2","FAIRY LIQUID PLATINUM 615ML"
"i2cFAIDADWV2","FAIRY LIQUID PLATINUM LEMON 383ML"
"i2cFAIDADWV2","FAIRY LIQUID PLATINUM LEMON 615ML"
"i2cFAIDADWV2","FAIRY LIQUID PLATINUM ORIGINAL 383ML"
"i2cFAIDADWV4","FAIRY LIQUID PLATINUM 615ML"
"i2cFAIDADWV4","FAIRY LIQUID PLATINUM LEMON 383ML"
"i2cFAIDADWV4","FAIRY LIQUID PLATINUM LEMON 615ML"
"i2cFAIDADWV4","FAIRY LIQUID PLATINUM ORIGINAL 383ML"
"i2cFAIDHDWV2","FAIRY LIQUID PLATINUM 615ML"
"i2cFAIDHDWV2","FAIRY LIQUID PLATINUM LEMON 383ML"
"i2cFAIDHDWV2","FAIRY LIQUID PLATINUM LEMON 615ML"
"i2cFAIDHDWV2","FAIRY LIQUID PLATINUM ORIGINAL 383ML"
"i2cFAIDHDWV3","FAIRY LIQUID PLATINUM 615ML"
"i2cFAIDHDWV3","FAIRY LIQUID PLATINUM LEMON 383ML"
"i2cFAIDHDWV3","FAIRY LIQUID PLATINUM LEMON 615ML"
"i2cFAIDHDWV3","FAIRY LIQUID PLATINUM ORIGINAL 383ML"
"i2cFAIDHDWV4","FAIRY LIQUID PLATINUM 615ML"
"i2cFAIDHDWV4","FAIRY LIQUID PLATINUM LEMON 383ML"
"i2cFAIDHDWV4","FAIRY LIQUID PLATINUM LEMON 615ML"
"i2cFAIDHDWV4","FAIRY LIQUID PLATINUM ORIGINAL 383ML"
"i2cFAIFEV2","FAIRY FABRIC SOFTENER 1.1L"
"i2cFAIFEV2","FAIRY FABRIC SOFTENER 1.9L"
"i2cFAIFEV2","FAIRY FABRIC SOFTENER 2.905L"
"i2cFAIFEV2","FAIRY FABRIC SOFTENER 550ML"
"i2cFAIFEV2","FAIRY FABRIC SOFTENER ALMOND OILS 1.1L"
"i2cFAIFEV4","FAIRY FABRIC SOFTENER 1.1L"
"i2cFAIFEV4","FAIRY FABRIC SOFTENER 1.9L"
"i2cFAIFEV4","FAIRY FABRIC SOFTENER 2.905L"
"i2cFAIFEV4","FAIRY FABRIC SOFTENER 550ML"
"i2cFAIFEV4","FAIRY FABRIC SOFTENER ALMOND OILS 1.1L"
"i2cFAINBV2","FAIRY NON BIO GEL 592ML"
"i2cFAINBV2","FAIRY NON BIO GEL 888ML"
"i2cFAINBV2","FAIRY NON BIO LIQUID 1.2L"
"i2cFAINBV2","FAIRY NON BIO LIQUID 2L"
"i2cFAINBV2","FAIRY NON BIO LIQUID 3L"
"i2cFAINBV2","FAIRY NON BIO LIQUITABS X10 350G"
"i2cFAINBV2","FAIRY NON BIO LIQUITABS X30"
"i2cFAINBV2","FAIRY NON BIO PODS X12"
"i2cFAINBV2","FAIRY NON BIO PODS X19 554.8G"
"i2cFAINBV2","FAIRY NON BIO PODS X38 1109.6G"
"i2cFAINBV2","FAIRY NON BIO POWDER 1.43KG"
"i2cFAINBV2","FAIRY NON BIO POWDER 2.6KG"
"i2cFAINBV2","FAIRY NON BIO POWDER 3.6KG"
"i2cFAINBV2","FAIRY NON BIO POWDER 4.22KG"
"i2cFAINBV2","FAIRY NON BIO POWDER 650G"
"i2cFAINBV2","FAIRY NON BIO TABLETS X24"
"i2cFAINBV2","FAIRY NON BIO TABLETS X40 1.32KG"
"i2cFAINBV4","FAIRY NON BIO GEL 592ML"
"i2cFAINBV4","FAIRY NON BIO GEL 888ML"
"i2cFAINBV4","FAIRY NON BIO LIQUID 1.2L"
"i2cFAINBV4","FAIRY NON BIO LIQUID 2L"
"i2cFAINBV4","FAIRY NON BIO LIQUID 3L"
"i2cFAINBV4","FAIRY NON BIO LIQUITABS X10 350G"
"i2cFAINBV4","FAIRY NON BIO LIQUITABS X30"
"i2cFAINBV4","FAIRY NON BIO PODS X12"
"i2cFAINBV4","FAIRY NON BIO PODS X19 554.8G"
"i2cFAINBV4","FAIRY NON BIO PODS X38 1109.6G"
"i2cFAINBV4","FAIRY NON BIO POWDER 1.43KG"
"i2cFAINBV4","FAIRY NON BIO POWDER 2.6KG"
"i2cFAINBV4","FAIRY NON BIO POWDER 3.6KG"
"i2cFAINBV4","FAIRY NON BIO POWDER 4.22KG"
"i2cFAINBV4","FAIRY NON BIO POWDER 650G"
"i2cFAINBV4","FAIRY NON BIO TABLETS X24"
"i2cFAINBV4","FAIRY NON BIO TABLETS X40 1.32KG"
"i2cFLASHV2","FLASH ALL PURPOSE CLEANER LEMON 500ML"
"i2cFLASHV2","FLASH ALL PURPOSE LIQUID LEMON 1.5L"
"i2cFLASHV2","FLASH ALL PURPOSE LIQUID LEMON 1L"
"i2cFLASHV2","FLASH ANTIBAC WIPES 2 X 30"
"i2cFLASHV2","FLASH ANTIBAC WIPES X60"
"i2cFLASHV2","FLASH ANTIBAC WIPES X90"
"i2cFLASHV2","FLASH BATHROOM CLEANER 500ML"
"i2cFLASHV2","FLASH BATHROOM SPRAY 500ML"
"i2cFLASHV2","FLASH BOTTLE BATHROOM 1L"
"i2cFLASHV2","FLASH CITRUS KITCH/DEGREASER SPRAY 500ML"
"i2cFLASHV2","FLASH ERASER BATHROOM X2"
"i2cFLASHV2","FLASH ERASER EXTRA POWER"
"i2cFLASHV2","FLASH ERASER EXTRA POWER X2"
"i2cFLASHV2","FLASH ERASER KITCHEN X2"
"i2cFLASHV2","FLASH LEMON WIPES 60S"
"i2cFLASHV2","FLASH LEMON WIPES X90"
"i2cFLASHV2","FLASH LIQUID BLOSSOM BREEZE 1.3L"
"i2cFLASHV2","FLASH LIQUID COTTON FRESH 1.3L"
"i2cFLASHV2","FLASH LIQUID GEL BLOSSOM & BREEZE 400ML"
"i2cFLASHV2","FLASH LIQUID GEL BLOSSOM & BREEZE 520ML"
"i2cFLASHV2","FLASH LIQUID GEL COTTON FRESH 400ML"
"i2cFLASHV2","FLASH LIQUID GEL COTTON FRESH 520ML"
"i2cFLASHV2","FLASH LIQUID GEL LEMON 400ML"
"i2cFLASHV2","FLASH LIQUID GEL LEMON 600ML"
"i2cFLASHV2","FLASH LIQUID GEL NEW ZEALAND SPRING520ML"
"i2cFLASHV2","FLASH LIQUID GEL NZ SPRING 400ML"
"i2cFLASHV2","FLASH M/P LEMON SPRAY 500ML"
"i2cFLASHV2","FLASH MULTIPURPOSE SPRAY NZ 700ML"
"i2cFLASHV2","FLASH POWERMOP REFILL PADS X12"
"i2cFLASHV2","FLASH POWERMOP REFILL SEA MINERALS 1.25L"
"i2cFLASHV2","FLASH SPRAY ANTI-BAC 500ML"
"i2cFLASHV2","FLASH SPRAY BLOSSOM & BREEZE 730ML"
"i2cFLASHV2","FLASH SPRAY COTTON FRESH 730ML"
"i2cFLASHV2","FLASH SPRAY WITH BLEACH 500ML"
"i2cFLASHV2","FLASH WIPE & GO ORANGE X60"
"i2cFLASHV2","FLASH WITH FEBREZE LAVENDER APC 1L"
"i2cFLASHV2","FLASH WOODEN FLOORS 1L"
"i2cFLASHV2","FLASH WTH FEBREZE SPRAY CLEANER 500ML"
"i2cFLASHV4","FLASH ALL PURPOSE CLEANER LEMON 500ML"
"i2cFLASHV4","FLASH ALL PURPOSE LIQUID LEMON 1.5L"
"i2cFLASHV4","FLASH ALL PURPOSE LIQUID LEMON 1L"
"i2cFLASHV4","FLASH ANTIBAC WIPES 2 X 30"
"i2cFLASHV4","FLASH ANTIBAC WIPES X60"
"i2cFLASHV4","FLASH ANTIBAC WIPES X90"
"i2cFLASHV4","FLASH BATHROOM CLEANER 500ML"
"i2cFLASHV4","FLASH BATHROOM SPRAY 500ML"
"i2cFLASHV4","FLASH BOTTLE BATHROOM 1L"
"i2cFLASHV4","FLASH CITRUS KITCH/DEGREASER SPRAY 500ML"
"i2cFLASHV4","FLASH ERASER BATHROOM X2"
"i2cFLASHV4","FLASH ERASER EXTRA POWER"
"i2cFLASHV4","FLASH ERASER EXTRA POWER X2"
"i2cFLASHV4","FLASH ERASER KITCHEN X2"
"i2cFLASHV4","FLASH LEMON WIPES 60S"
"i2cFLASHV4","FLASH LEMON WIPES X90"
"i2cFLASHV4","FLASH LIQUID BLOSSOM BREEZE 1.3L"
"i2cFLASHV4","FLASH LIQUID COTTON FRESH 1.3L"
"i2cFLASHV4","FLASH LIQUID GEL BLOSSOM & BREEZE 400ML"
"i2cFLASHV4","FLASH LIQUID GEL BLOSSOM & BREEZE 520ML"
"i2cFLASHV4","FLASH LIQUID GEL COTTON FRESH 400ML"
"i2cFLASHV4","FLASH LIQUID GEL COTTON FRESH 520ML"
"i2cFLASHV4","FLASH LIQUID GEL LEMON 400ML"
"i2cFLASHV4","FLASH LIQUID GEL LEMON 600ML"
"i2cFLASHV4","FLASH LIQUID GEL NEW ZEALAND SPRING520ML"
"i2cFLASHV4","FLASH LIQUID GEL NZ SPRING 400ML"
"i2cFLASHV4","FLASH M/P LEMON SPRAY 500ML"
"i2cFLASHV4","FLASH MULTIPURPOSE SPRAY NZ 700ML"
"i2cFLASHV4","FLASH POWERMOP REFILL PADS X12"
"i2cFLASHV4","FLASH POWERMOP REFILL SEA MINERALS 1.25L"
"i2cFLASHV4","FLASH SPRAY ANTI-BAC 500ML"
"i2cFLASHV4","FLASH SPRAY BLOSSOM & BREEZE 730ML"
"i2cFLASHV4","FLASH SPRAY COTTON FRESH 730ML"
"i2cFLASHV4","FLASH SPRAY WITH BLEACH 500ML"
"i2cFLASHV4","FLASH WIPE & GO ORANGE X60"
"i2cFLASHV4","FLASH WITH FEBREZE LAVENDER APC 1L"
"i2cFLASHV4","FLASH WOODEN FLOORS 1L"
"i2cFLASHV4","FLASH WTH FEBREZE SPRAY CLEANER 500ML"
"i2cGILLEV2","GILLETTE FUSION P/GDE ENG MAN BD X3+FLAG"
"i2cGILLEV2","GILLETTE FUSION P/GLD MAN BLDS X 4"
"i2cGILLEV2","GILLETTE FUSION P/GLD PWR BLADES X 4"
"i2cGILLEV2","GILLETTE FUSION P/GLDE RAZOR, GEL & MOIS"
"i2cGILLEV2","GILLETTE FUSION PROGLIDE ENG MAN RAZOR"
"i2cGILLEV2","GILLETTE FUSION PROGLIDE LTD EDT MAN RZR"
"i2cGILLEV2","GILLETTE FUSION PROGLIDE MAN BLADES X3"
"i2cGILLEV2","GILLETTE FUSION PROGLIDE MAN RAZOR 1 UP"
"i2cGILLEV2","GILLETTE FUSION PROGLIDE MANUAL BLADESX6"
"i2cGILLEV2","GILLETTE FUSION PROGLIDE MANUAL RAZOR"
"i2cGILLEV2","GILLETTE FUSION PROGLIDE POWER BLADES X3"
"i2cGILLEV2","GILLETTE FUSION PROGLIDE POWER BLADES X6"
"i2cGILLEV2","GILLETTE FUSION PROGLIDE POWER RAZOR"
"i2cGILLEV2","GILLETTE FUSION PROGLIDE STYLER RAZOR"
"i2cGILLEV2","GILLETTE PROGLIDE ENGLAND RAZOR C/ST"
"i2cGILLEV2","GILLETTE PROGLIDE GROOMING GIFT SET"
"i2cGILLEV2","GILLETTE PROGLIDE MAN BLADE X7 + RAZOR"
"i2cGILLEV2","GILLETTE PROGLIDE MAN SP EDITION RAZOR"
"i2cGILLEV2","GILLETTE PROGLIDE MANUAL BLADES X 10"
"i2cGILLEV2","GILLETTE PROGLIDE PWR SILVER TOUCH RAZOR"
"i2cGILLEV2","GILLETTE PROGLIDE RAZOR & BLADE PACK"
"i2cGILLEV2","GILLETTE PROGLIDE WITH FLEXBALL MAN RZR"
"i2cGILLEV2","GILLETTE PROGLIDE WITH FLEXBALL POWER RZ"
"i2cGILLEV4","GILLETTE FUSION P/GDE ENG MAN BD X3+FLAG"
"i2cGILLEV4","GILLETTE FUSION P/GLD MAN BLDS X 4"
"i2cGILLEV4","GILLETTE FUSION P/GLD PWR BLADES X 4"
"i2cGILLEV4","GILLETTE FUSION P/GLDE RAZOR, GEL & MOIS"
"i2cGILLEV4","GILLETTE FUSION PROGLIDE ENG MAN RAZOR"
"i2cGILLEV4","GILLETTE FUSION PROGLIDE LTD EDT MAN RZR"
"i2cGILLEV4","GILLETTE FUSION PROGLIDE MAN BLADES X3"
"i2cGILLEV4","GILLETTE FUSION PROGLIDE MAN RAZOR 1 UP"
"i2cGILLEV4","GILLETTE FUSION PROGLIDE MANUAL BLADESX6"
"i2cGILLEV4","GILLETTE FUSION PROGLIDE MANUAL RAZOR"
"i2cGILLEV4","GILLETTE FUSION PROGLIDE POWER BLADES X3"
"i2cGILLEV4","GILLETTE FUSION PROGLIDE POWER BLADES X6"
"i2cGILLEV4","GILLETTE FUSION PROGLIDE POWER RAZOR"
"i2cGILLEV4","GILLETTE FUSION PROGLIDE STYLER RAZOR"
"i2cGILLEV4","GILLETTE PROGLIDE ENGLAND RAZOR C/ST"
"i2cGILLEV4","GILLETTE PROGLIDE GROOMING GIFT SET"
"i2cGILLEV4","GILLETTE PROGLIDE MAN BLADE X7 + RAZOR"
"i2cGILLEV4","GILLETTE PROGLIDE MAN SP EDITION RAZOR"
"i2cGILLEV4","GILLETTE PROGLIDE MANUAL BLADES X 10"
"i2cGILLEV4","GILLETTE PROGLIDE PWR SILVER TOUCH RAZOR"
"i2cGILLEV4","GILLETTE PROGLIDE RAZOR & BLADE PACK"
"i2cGILLEV4","GILLETTE PROGLIDE WITH FLEXBALL MAN RZR"
"i2cGILLEV4","GILLETTE PROGLIDE WITH FLEXBALL POWER RZ"
"i2cHSV2","H&S  ITCHY SCALP CONDITIONER 200ML"
"i2cHSV2","H&S 2 IN 1 CITRUS FRESH 450ML"
"i2cHSV2","H&S 2 IN 1 DRY SCALP 450ML"
"i2cHSV2","H&S 2 IN 1 HAIR ENDURANCE 450ML"
"i2cHSV2","H&S 2 IN 1 ITCHY SCALP 450ML"
"i2cHSV2","H&S 2 IN 1 SENSITIVE 450ML"
"i2cHSV2","H&S 2 IN 1 SMOOTH & SILKY 450ML"
"i2cHSV2","H&S ACTIVE SPORT SHAMPOO 250ML"
"i2cHSV2","H&S ACTIVE SPORT SHAMPOO 500ML"
"i2cHSV2","H&S APPLE 2 IN 1 450ML"
"i2cHSV2","H&S APPLE CONDITIONER 200ML"
"i2cHSV2","H&S APPLE CONDITIONER 400ML"
"i2cHSV2","H&S APPLE SHAMPOO 250ML"
"i2cHSV2","H&S APPLE SHAMPOO 500ML"
"i2cHSV2","H&S CITRUS FRESH CONDITIONER 200ML"
"i2cHSV2","H&S CITRUS FRESH SHAMPOO 250ML"
"i2cHSV2","H&S CITRUS FRESH SHAMPOO 500ML"
"i2cHSV2","H&S CLASSIC 2 IN 1 225ML"
"i2cHSV2","H&S CLASSIC CLEAN 2 IN 1 250ML"
"i2cHSV2","H&S CLASSIC CLEAN 2 IN 1 450ML"
"i2cHSV2","H&S CLASSIC CLEAN 2IN1 500ML"
"i2cHSV2","H&S CLASSIC CLEAN CONDITIONER 200ML"
"i2cHSV2","H&S CLASSIC CLEAN CONDITIONER 400ML"
"i2cHSV2","H&S CLASSIC CLEAN SHAMPOO 250ML"
"i2cHSV2","H&S CLASSIC CLEAN SHAMPOO 500ML"
"i2cHSV2","H&S COLOUR CARE CONDITIONER 200ML"
"i2cHSV2","H&S COLOUR CARE CONDITIONER 400ML"
"i2cHSV2","H&S COLOUR CARE SHAMPOO 250ML"
"i2cHSV2","H&S COLOUR CARE SHAMPOO 500ML"
"i2cHSV2","H&S DAMAGE RESCUE CONDITIONER 200ML"
"i2cHSV2","H&S DAMAGE RESCUE SHAMPOO 250ML"
"i2cHSV2","H&S DAMAGE RESCUE SHAMPOO 500ML"
"i2cHSV2","H&S DRY SCALP CONDITIONER 400ML"
"i2cHSV2","H&S DRY SCALP SHAMPOO 500ML"
"i2cHSV2","H&S ENDURANCE SHAMPOO 500ML"
"i2cHSV2","H&S FOR MEN 2 IN 1 SHAMPOO 450ML"
"i2cHSV2","H&S FOR MEN SHAMPOO 250ML"
"i2cHSV2","H&S FOR MEN SHAMPOO 500ML"
"i2cHSV2","H&S HAIR ENDURANCE TONIC MEN 125ML"
"i2cHSV2","H&S INSTANT DEEP CLEAN SHAMPOO 450ML"
"i2cHSV2","H&S INSTANT DRY SCALP SHAMPOO 450ML"
"i2cHSV2","H&S INSTANT RELIEF SHAMPOO 450ML"
"i2cHSV2","H&S ITCHY SCALP CONDITIONER 400ML"
"i2cHSV2","H&S ITCHY SCALP SHAMPOO 250ML"
"i2cHSV2","H&S ITCHY SCALP SHAMPOO 500ML"
"i2cHSV2","H&S MENTHOL SHAMPOO 500ML"
"i2cHSV2","H&S SENSITIVE CONDITIONER 200ML"
"i2cHSV2","H&S SENSITIVE SHAMPOO 250ML"
"i2cHSV2","H&S SENSITIVE SHAMPOO 500ML"
"i2cHSV2","H&S SMOOTH & SILKY CONDITIONER 200ML"
"i2cHSV2","H&S SMOOTH & SILKY CONDITIONER 400ML"
"i2cHSV2","H&S SMOOTH & SILKY SHAMPOO 250ML"
"i2cHSV2","H&S SMOOTH & SILKY SHAMPOO 500ML"
"i2cHSV2","H&S THICK & STRONG 2 IN 1 450ML"
"i2cHSV2","H&S THICK & STRONG CONDITIONER 400ML"
"i2cHSV2","H&S THICK & STRONG SHAMPOO 500ML"
"i2cHSV4","H&S  ITCHY SCALP CONDITIONER 200ML"
"i2cHSV4","H&S 2 IN 1 CITRUS FRESH 450ML"
"i2cHSV4","H&S 2 IN 1 DRY SCALP 450ML"
"i2cHSV4","H&S 2 IN 1 HAIR ENDURANCE 450ML"
"i2cHSV4","H&S 2 IN 1 ITCHY SCALP 450ML"
"i2cHSV4","H&S 2 IN 1 SENSITIVE 450ML"
"i2cHSV4","H&S 2 IN 1 SMOOTH & SILKY 450ML"
"i2cHSV4","H&S ACTIVE SPORT SHAMPOO 250ML"
"i2cHSV4","H&S ACTIVE SPORT SHAMPOO 500ML"
"i2cHSV4","H&S APPLE 2 IN 1 450ML"
"i2cHSV4","H&S APPLE CONDITIONER 200ML"
"i2cHSV4","H&S APPLE CONDITIONER 400ML"
"i2cHSV4","H&S APPLE SHAMPOO 250ML"
"i2cHSV4","H&S APPLE SHAMPOO 500ML"
"i2cHSV4","H&S CITRUS FRESH CONDITIONER 200ML"
"i2cHSV4","H&S CITRUS FRESH SHAMPOO 250ML"
"i2cHSV4","H&S CITRUS FRESH SHAMPOO 500ML"
"i2cHSV4","H&S CLASSIC 2 IN 1 225ML"
"i2cHSV4","H&S CLASSIC CLEAN 2 IN 1 250ML"
"i2cHSV4","H&S CLASSIC CLEAN 2 IN 1 450ML"
"i2cHSV4","H&S CLASSIC CLEAN 2IN1 500ML"
"i2cHSV4","H&S CLASSIC CLEAN CONDITIONER 200ML"
"i2cHSV4","H&S CLASSIC CLEAN CONDITIONER 400ML"
"i2cHSV4","H&S CLASSIC CLEAN SHAMPOO 250ML"
"i2cHSV4","H&S CLASSIC CLEAN SHAMPOO 500ML"
"i2cHSV4","H&S COLOUR CARE CONDITIONER 200ML"
"i2cHSV4","H&S COLOUR CARE CONDITIONER 400ML"
"i2cHSV4","H&S COLOUR CARE SHAMPOO 250ML"
"i2cHSV4","H&S COLOUR CARE SHAMPOO 500ML"
"i2cHSV4","H&S DAMAGE RESCUE CONDITIONER 200ML"
"i2cHSV4","H&S DAMAGE RESCUE SHAMPOO 250ML"
"i2cHSV4","H&S DAMAGE RESCUE SHAMPOO 500ML"
"i2cHSV4","H&S DRY SCALP CONDITIONER 400ML"
"i2cHSV4","H&S DRY SCALP SHAMPOO 500ML"
"i2cHSV4","H&S ENDURANCE SHAMPOO 500ML"
"i2cHSV4","H&S FOR MEN 2 IN 1 SHAMPOO 450ML"
"i2cHSV4","H&S FOR MEN SHAMPOO 250ML"
"i2cHSV4","H&S FOR MEN SHAMPOO 500ML"
"i2cHSV4","H&S HAIR ENDURANCE TONIC MEN 125ML"
"i2cHSV4","H&S INSTANT DEEP CLEAN SHAMPOO 450ML"
"i2cHSV4","H&S INSTANT DRY SCALP SHAMPOO 450ML"
"i2cHSV4","H&S INSTANT RELIEF SHAMPOO 450ML"
"i2cHSV4","H&S ITCHY SCALP CONDITIONER 400ML"
"i2cHSV4","H&S ITCHY SCALP SHAMPOO 250ML"
"i2cHSV4","H&S ITCHY SCALP SHAMPOO 500ML"
"i2cHSV4","H&S MENTHOL SHAMPOO 500ML"
"i2cHSV4","H&S SENSITIVE CONDITIONER 200ML"
"i2cHSV4","H&S SENSITIVE SHAMPOO 250ML"
"i2cHSV4","H&S SENSITIVE SHAMPOO 500ML"
"i2cHSV4","H&S SMOOTH & SILKY CONDITIONER 200ML"
"i2cHSV4","H&S SMOOTH & SILKY CONDITIONER 400ML"
"i2cHSV4","H&S SMOOTH & SILKY SHAMPOO 250ML"
"i2cHSV4","H&S SMOOTH & SILKY SHAMPOO 500ML"
"i2cHSV4","H&S THICK & STRONG 2 IN 1 450ML"
"i2cHSV4","H&S THICK & STRONG CONDITIONER 400ML"
"i2cHSV4","H&S THICK & STRONG SHAMPOO 500ML"
"i2cLENORV2","LENOR AMBER FLOWER 925ML"
"i2cLENORV2","LENOR CONCENTRATE FRESH MEADOW 550ML"
"i2cLENORV2","LENOR CONCENTRATE SPRING AWAKENING 1.1L"
"i2cLENORV2","LENOR CONCENTRATE SPRING AWAKENING 550ML"
"i2cLENORV2","LENOR CONCENTRATE SPRING AWAKNING 2.905L"
"i2cLENORV2","LENOR CONCENTRATE SUMMER BREEZE 1.1L"
"i2cLENORV2","LENOR CONCENTRATE SUMMER BREEZE 2.905L"
"i2cLENORV2","LENOR CONCENTRATE SUMMER BREEZE 550ML"
"i2cLENORV2","LENOR COTTON FLOWERS 1.9L"
"i2cLENORV2","LENOR DIAMOND & LOTUS FLOWER 925ML"
"i2cLENORV2","LENOR EMERALD & IVORY FLOWERS 925ML"
"i2cLENORV2","LENOR FRESH MEADOW 1.1L"
"i2cLENORV2","LENOR GOLD ORCHID 1.8L"
"i2cLENORV2","LENOR GOLD ORCHID 925ML"
"i2cLENORV2","LENOR INFUSIONS AMETHYST & FLORAL 1.16L"
"i2cLENORV2","LENOR INFUSIONS DIAMOND & LOTUS 1.16L"
"i2cLENORV2","LENOR INFUSIONS GOLD ORCHID 550ML"
"i2cLENORV2","LENOR INFUSIONS PEARL & MOONFLOWER 1.16L"
"i2cLENORV2","LENOR INFUSIONS RUBY JASMINE 550ML"
"i2cLENORV2","LENOR INFUSIONS RUBY JASMINE 925ML"
"i2cLENORV2","LENOR INFUSIONS TOPAZ & MAGNOLIA 925ML"
"i2cLENORV2","LENOR INFUSIONS WILD FLOWER BLOOM 750ML"
"i2cLENORV2","LENOR MOONLIGHT HARMONY 1.1L"
"i2cLENORV2","LENOR MOONLIGHT HARMONY 750ML"
"i2cLENORV2","LENOR OCEAN ESCAPE 1.8L"
"i2cLENORV2","LENOR OCEAN ESCAPE 550ML"
"i2cLENORV2","LENOR OCEAN ESCAPE 925ML"
"i2cLENORV2","LENOR PURE CARE ALMOND OIL 1.1L"
"i2cLENORV2","LENOR SPRING AWAKENING 1.9L"
"i2cLENORV2","LENOR SUMMER BREEZE 1.9L"
"i2cLENORV2","LENOR TUMBLE DRYER SHEETS X34"
"i2cLENORV2","LENOR WILD FLOWER BLOOM 925ML"
"i2cLENORV4","LENOR AMBER FLOWER 925ML"
"i2cLENORV4","LENOR CONCENTRATE FRESH MEADOW 550ML"
"i2cLENORV4","LENOR CONCENTRATE SPRING AWAKENING 1.1L"
"i2cLENORV4","LENOR CONCENTRATE SPRING AWAKENING 550ML"
"i2cLENORV4","LENOR CONCENTRATE SPRING AWAKNING 2.905L"
"i2cLENORV4","LENOR CONCENTRATE SUMMER BREEZE 1.1L"
"i2cLENORV4","LENOR CONCENTRATE SUMMER BREEZE 2.905L"
"i2cLENORV4","LENOR CONCENTRATE SUMMER BREEZE 550ML"
"i2cLENORV4","LENOR COTTON FLOWERS 1.9L"
"i2cLENORV4","LENOR DIAMOND & LOTUS FLOWER 925ML"
"i2cLENORV4","LENOR EMERALD & IVORY FLOWERS 925ML"
"i2cLENORV4","LENOR FRESH MEADOW 1.1L"
"i2cLENORV4","LENOR GOLD ORCHID 1.8L"
"i2cLENORV4","LENOR GOLD ORCHID 925ML"
"i2cLENORV4","LENOR INFUSIONS AMETHYST & FLORAL 1.16L"
"i2cLENORV4","LENOR INFUSIONS DIAMOND & LOTUS 1.16L"
"i2cLENORV4","LENOR INFUSIONS GOLD ORCHID 550ML"
"i2cLENORV4","LENOR INFUSIONS PEARL & MOONFLOWER 1.16L"
"i2cLENORV4","LENOR INFUSIONS RUBY JASMINE 550ML"
"i2cLENORV4","LENOR INFUSIONS RUBY JASMINE 925ML"
"i2cLENORV4","LENOR INFUSIONS TOPAZ & MAGNOLIA 925ML"
"i2cLENORV4","LENOR INFUSIONS WILD FLOWER BLOOM 750ML"
"i2cLENORV4","LENOR MOONLIGHT HARMONY 1.1L"
"i2cLENORV4","LENOR MOONLIGHT HARMONY 750ML"
"i2cLENORV4","LENOR OCEAN ESCAPE 1.8L"
"i2cLENORV4","LENOR OCEAN ESCAPE 550ML"
"i2cLENORV4","LENOR OCEAN ESCAPE 925ML"
"i2cLENORV4","LENOR PURE CARE ALMOND OIL 1.1L"
"i2cLENORV4","LENOR SPRING AWAKENING 1.9L"
"i2cLENORV4","LENOR SUMMER BREEZE 1.9L"
"i2cLENORV4","LENOR TUMBLE DRYER SHEETS X34"
"i2cLENORV4","LENOR WILD FLOWER BLOOM 925ML"
"i2cLENUNV2","LENOR UNSTOPPABLES BLISS 275G"
"i2cLENUNV2","LENOR UNSTOPPABLES BLISS 375G"
"i2cLENUNV2","LENOR UNSTOPPABLES FRESH 275G"
"i2cLENUNV2","LENOR UNSTOPPABLES FRESH 375G"
"i2cLENUNV2","LENOR UNSTOPPABLES LAVISH 275G"
"i2cLENUNV2","LENOR UNSTOPPABLES LAVISH 375G"
"i2cLENUNV2","LENOR UNSTOPPABLES UPLIFT 275G"
"i2cLENUNV2","LENOR UNSTOPPABLES UPLIFT 375G"
"i2cLENUNV4","LENOR UNSTOPPABLES BLISS 275G"
"i2cLENUNV4","LENOR UNSTOPPABLES BLISS 375G"
"i2cLENUNV4","LENOR UNSTOPPABLES FRESH 275G"
"i2cLENUNV4","LENOR UNSTOPPABLES FRESH 375G"
"i2cLENUNV4","LENOR UNSTOPPABLES LAVISH 275G"
"i2cLENUNV4","LENOR UNSTOPPABLES LAVISH 375G"
"i2cLENUNV4","LENOR UNSTOPPABLES UPLIFT 275G"
"i2cLENUNV4","LENOR UNSTOPPABLES UPLIFT 375G"
"i2cLYNX111","LYNX ADRENALINE DAILY FRAG SPRAY 100ML"
"i2cLYNX111","LYNX SIGNATURE DAILY FRAG SPRAY 100ML"
"i2cLYNX111","LYNX URBAN DAILY FRAG SPRAY100ML"
"i2cLYNX222","LYNX ADRENALINE DAILY FRAG SPRAY 100ML"
"i2cLYNX222","LYNX SIGNATURE DAILY FRAG SPRAY 100ML"
"i2cLYNX222","LYNX URBAN DAILY FRAG SPRAY100ML"
"i2cLYNX333","LYNX ADRENALINE DAILY FRAG SPRAY 100ML"
"i2cLYNX333","LYNX SIGNATURE DAILY FRAG SPRAY 100ML"
"i2cLYNX333","LYNX URBAN DAILY FRAG SPRAY100ML"
"i2cLYNX444","LYNX ADRENALINE DAILY FRAG SPRAY 100ML"
"i2cLYNX444","LYNX SIGNATURE DAILY FRAG SPRAY 100ML"
"i2cLYNX444","LYNX URBAN DAILY FRAG SPRAY100ML"
"i2cLYNX555","LYNX ADRENALINE DAILY FRAG SPRAY 100ML"
"i2cLYNX555","LYNX SIGNATURE DAILY FRAG SPRAY 100ML"
"i2cLYNX555","LYNX URBAN DAILY FRAG SPRAY100ML"
"i2cLYNX666","LYNX ADRENALINE DAILY FRAG SPRAY 100ML"
"i2cLYNX666","LYNX SIGNATURE DAILY FRAG SPRAY 100ML"
"i2cLYNX666","LYNX URBAN DAILY FRAG SPRAY100ML"
"i2cLYNX777","LYNX ADRENALINE DAILY FRAG SPRAY 100ML"
"i2cLYNX777","LYNX SIGNATURE DAILY FRAG SPRAY 100ML"
"i2cLYNX777","LYNX URBAN DAILY FRAG SPRAY100ML"
"i2cLYNX888","LYNX ADRENALINE DAILY FRAG SPRAY 100ML"
"i2cLYNX888","LYNX SIGNATURE DAILY FRAG SPRAY 100ML"
"i2cLYNX888","LYNX URBAN DAILY FRAG SPRAY100ML"
"i2cNEW-TOOL","CARLING 15X440ML"
"i2cOLAYV2","OLAY T/EFFECT BLEMISH CARE MOIST 50ML"
"i2cOLAYV2","OLAY TOTAL EFFECT TOUCH OF FDTN MED 37ML"
"i2cOLAYV2","OLAY TOTAL EFFECTS BB CREAM FAIR 50ML"
"i2cOLAYV2","OLAY TOTAL EFFECTS BB CREAM MEDIUM 50ML"
"i2cOLAYV2","OLAY TOTAL EFFECTS CC CREAM FAIR 50ML"
"i2cOLAYV2","OLAY TOTAL EFFECTS CC CREAM MEDIUM 50ML"
"i2cOLAYV2","OLAY TOTAL EFFECTS CLEANSING CLOTHS 20"
"i2cOLAYV2","OLAY TOTAL EFFECTS CREAM WASH 150ML"
"i2cOLAYV2","OLAY TOTAL EFFECTS DAY MOISTURISER 50ML"
"i2cOLAYV2","OLAY TOTAL EFFECTS EYE CREAM 15ML"
"i2cOLAYV2","OLAY TOTAL EFFECTS FIRST EFFECTS 50ML"
"i2cOLAYV2","OLAY TOTAL EFFECTS FRAG/F MOISTURISER"
"i2cOLAYV2","OLAY TOTAL EFFECTS FRAGRANCE FREE 50ML"
"i2cOLAYV2","OLAY TOTAL EFFECTS MAKE UP REMOVER 150ML"
"i2cOLAYV2","OLAY TOTAL EFFECTS MOIST&SERUM DUO 40ML"
"i2cOLAYV2","OLAY TOTAL EFFECTS NIGHT MOISTURISER 37"
"i2cOLAYV2","OLAY TOTAL EFFECTS NIGHT MOISTURISR 50ML"
"i2cOLAYV2","OLAY TOTAL EFFECTS SENSITIVE 50ML"
"i2cOLAYV2","OLAY TOTAL EFFECTS SERUM 50ML"
"i2cOLAYV2","OLAY TOTAL EFFECTS SPF15 MOISTURISER"
"i2cOLAYV2","OLAY TOTAL EFFECTS SUNSHINE DEEP 50ML"
"i2cOLAYV2","OLAY TOTAL EFFECTS SUNSHINE LIGHT 50ML"
"i2cOLAYV2","OLAY TOTAL EFFECTS T OF F CONCEALER15ML"
"i2cOLAYV2","OLAY TOTAL EFFECTS T/SUN SPF15 DARK 37ML"
"i2cOLAYV2","OLAY TOTAL EFFECTS T/SUN SPF15 LIGHT 37M"
"i2cOLAYV2","OLAY TOTAL EFFECTS TCH FNDTION DARK 50ML"
"i2cOLAYV2","OLAY TOTAL EFFECTS TOUCH FDTN FAIR 37ML"
"i2cOLAYV2","OLAY TOTAL EFFECTS WAKE UP WPNDER 30ML"
"i2cOLAYV4","OLAY T/EFFECT BLEMISH CARE MOIST 50ML"
"i2cOLAYV4","OLAY TOTAL EFFECT TOUCH OF FDTN MED 37ML"
"i2cOLAYV4","OLAY TOTAL EFFECTS BB CREAM FAIR 50ML"
"i2cOLAYV4","OLAY TOTAL EFFECTS BB CREAM MEDIUM 50ML"
"i2cOLAYV4","OLAY TOTAL EFFECTS CC CREAM FAIR 50ML"
"i2cOLAYV4","OLAY TOTAL EFFECTS CC CREAM MEDIUM 50ML"
"i2cOLAYV4","OLAY TOTAL EFFECTS CLEANSING CLOTHS 20"
"i2cOLAYV4","OLAY TOTAL EFFECTS CREAM WASH 150ML"
"i2cOLAYV4","OLAY TOTAL EFFECTS DAY MOISTURISER 50ML"
"i2cOLAYV4","OLAY TOTAL EFFECTS EYE CREAM 15ML"
"i2cOLAYV4","OLAY TOTAL EFFECTS FIRST EFFECTS 50ML"
"i2cOLAYV4","OLAY TOTAL EFFECTS FRAG/F MOISTURISER"
"i2cOLAYV4","OLAY TOTAL EFFECTS FRAGRANCE FREE 50ML"
"i2cOLAYV4","OLAY TOTAL EFFECTS MAKE UP REMOVER 150ML"
"i2cOLAYV4","OLAY TOTAL EFFECTS MOIST&SERUM DUO 40ML"
"i2cOLAYV4","OLAY TOTAL EFFECTS NIGHT MOISTURISER 37"
"i2cOLAYV4","OLAY TOTAL EFFECTS NIGHT MOISTURISR 50ML"
"i2cOLAYV4","OLAY TOTAL EFFECTS SENSITIVE 50ML"
"i2cOLAYV4","OLAY TOTAL EFFECTS SERUM 50ML"
"i2cOLAYV4","OLAY TOTAL EFFECTS SPF15 MOISTURISER"
"i2cOLAYV4","OLAY TOTAL EFFECTS SUNSHINE DEEP 50ML"
"i2cOLAYV4","OLAY TOTAL EFFECTS SUNSHINE LIGHT 50ML"
"i2cOLAYV4","OLAY TOTAL EFFECTS T OF F CONCEALER15ML"
"i2cOLAYV4","OLAY TOTAL EFFECTS T/SUN SPF15 DARK 37ML"
"i2cOLAYV4","OLAY TOTAL EFFECTS T/SUN SPF15 LIGHT 37M"
"i2cOLAYV4","OLAY TOTAL EFFECTS TCH FNDTION DARK 50ML"
"i2cOLAYV4","OLAY TOTAL EFFECTS TOUCH FDTN FAIR 37ML"
"i2cOLAYV4","OLAY TOTAL EFFECTS WAKE UP WPNDER 30ML"
"i2cORALBV2","ORAL B 2000 CROSS ACTION PINK E/BRUSH"
"i2cORALBV2","ORAL B 3000 WHITE&CLEAN ELECTRIC BRUSH"
"i2cORALBV2","ORAL B 600 WHITE AND CLEAN"
"i2cORALBV2","ORAL B 8500 PROFESSIONAL CARE"
"i2cORALBV2","ORAL B CROSS ACTION REFILL HEADS X2"
"i2cORALBV2","ORAL B CROSS ACTION REFILL HEADS X4"
"i2cORALBV2","ORAL B DUAL CLEAN BRUSH HEADS X2"
"i2cORALBV2","ORAL B FLEXI SOFT DUAL CLEAN BRSH HDS X4"
"i2cORALBV2","ORAL B FLOSS ACTION 600 BRUSH"
"i2cORALBV2","ORAL B HEADS FLOSS ACTION X 2"
"i2cORALBV2","ORAL B P STAGES VITALITY PRINCESS TBRUSH"
"i2cORALBV2","ORAL B PC PRECISION CLEAN 600"
"i2cORALBV2","ORAL B POWER REFILLS AVENGERS 4PK"
"i2cORALBV2","ORAL B POWER STAGES REFILL 4PK"
"i2cORALBV2","ORAL B PRECISION CLEAN PWR BRUSHHEADS X2"
"i2cORALBV2","ORAL B PRECISION CLEAN PWR BRUSHHEADS X4"
"i2cORALBV2","ORAL B PRECISION CLEAN REFILL X8"
"i2cORALBV2","ORAL B PRO CROSS ACTION 2000 BRUSH"
"i2cORALBV2","ORAL B PRO CROSS ACTION 3000 BRUSH"
"i2cORALBV2","ORAL B PRO CROSS ACTION 4000 BRUSH"
"i2cORALBV2","ORAL B PRO CROSS ACTION 600 BRUSH"
"i2cORALBV2","ORAL B PRO WHITE BRUSH HEADS X4"
"i2cORALBV2","ORAL B PRO WHITE POWER BRUSH HEADS X 2"
"i2cORALBV2","ORAL B PROF CARE 500 FLOSS ACTION"
"i2cORALBV2","ORAL B PROFESSIONAL CARE 500 BRUSH"
"i2cORALBV2","ORAL B PROFESSIONAL CARE 8500 DELUXE"
"i2cORALBV2","ORAL B PROFESSIONAL CARE 8500 MODE 2 NEW"
"i2cORALBV2","ORAL B PULSAR PRO-EXPERT 35 SOFT BRUSH"
"i2cORALBV2","ORAL B REFILL HEADS FLOSS ACTION 4"
"i2cORALBV2","ORAL B TRIZONE 1000/2000 RECHARGE BRUSH"
"i2cORALBV2","ORAL B TRIZONE 600 RECHARGEABLE BRUSH"
"i2cORALBV2","ORAL B TRIZONE HEADS X4"
"i2cORALBV2","ORAL B TRIZONE REFILL HEADS X2"
"i2cORALBV2","ORAL B VITALITY CROSS ACTION/PRECISION"
"i2cORALBV2","ORAL B VITALITY DUAL ACTION POWERT/BRUSH"
"i2cORALBV2","ORAL B VITALITY DUAL CLEAN BRUSH/TIMER"
"i2cORALBV2","ORAL B VITALITY PLUS TRIZONE TBRUSH"
"i2cORALBV2","ORAL B VITALITY PLUS WHITE&CLEAN TBRUSH"
"i2cORALBV2","ORAL B VITALITY PLUSCROSS ACTION  TBRUSH"
"i2cORALBV2","ORAL B VITALITY PRO WHITE BRUSH + TIMER"
"i2cORALBV2","ORAL B VITALITY SONIC &TIMER TOOTHBRUSH"
"i2cORALBV2","ORAL B VITALITY STAGES AVENGERS TBRUSH"
"i2cORALBV4","ORAL B 2000 CROSS ACTION PINK E/BRUSH"
"i2cORALBV4","ORAL B 3000 WHITE&CLEAN ELECTRIC BRUSH"
"i2cORALBV4","ORAL B 600 WHITE AND CLEAN"
"i2cORALBV4","ORAL B 8500 PROFESSIONAL CARE"
"i2cORALBV4","ORAL B CROSS ACTION REFILL HEADS X2"
"i2cORALBV4","ORAL B CROSS ACTION REFILL HEADS X4"
"i2cORALBV4","ORAL B DUAL CLEAN BRUSH HEADS X2"
"i2cORALBV4","ORAL B FLEXI SOFT DUAL CLEAN BRSH HDS X4"
"i2cORALBV4","ORAL B FLOSS ACTION 600 BRUSH"
"i2cORALBV4","ORAL B HEADS FLOSS ACTION X 2"
"i2cORALBV4","ORAL B P STAGES VITALITY PRINCESS TBRUSH"
"i2cORALBV4","ORAL B PC PRECISION CLEAN 600"
"i2cORALBV4","ORAL B POWER REFILLS AVENGERS 4PK"
"i2cORALBV4","ORAL B POWER STAGES REFILL 4PK"
"i2cORALBV4","ORAL B PRECISION CLEAN PWR BRUSHHEADS X2"
"i2cORALBV4","ORAL B PRECISION CLEAN PWR BRUSHHEADS X4"
"i2cORALBV4","ORAL B PRECISION CLEAN REFILL X8"
"i2cORALBV4","ORAL B PRO CROSS ACTION 2000 BRUSH"
"i2cORALBV4","ORAL B PRO CROSS ACTION 3000 BRUSH"
"i2cORALBV4","ORAL B PRO CROSS ACTION 4000 BRUSH"
"i2cORALBV4","ORAL B PRO CROSS ACTION 600 BRUSH"
"i2cORALBV4","ORAL B PRO WHITE BRUSH HEADS X4"
"i2cORALBV4","ORAL B PRO WHITE POWER BRUSH HEADS X 2"
"i2cORALBV4","ORAL B PROF CARE 500 FLOSS ACTION"
"i2cORALBV4","ORAL B PROFESSIONAL CARE 500 BRUSH"
"i2cORALBV4","ORAL B PROFESSIONAL CARE 8500 DELUXE"
"i2cORALBV4","ORAL B PROFESSIONAL CARE 8500 MODE 2 NEW"
"i2cORALBV4","ORAL B PULSAR PRO-EXPERT 35 SOFT BRUSH"
"i2cORALBV4","ORAL B REFILL HEADS FLOSS ACTION 4"
"i2cORALBV4","ORAL B TRIZONE 1000/2000 RECHARGE BRUSH"
"i2cORALBV4","ORAL B TRIZONE 600 RECHARGEABLE BRUSH"
"i2cORALBV4","ORAL B TRIZONE HEADS X4"
"i2cORALBV4","ORAL B TRIZONE REFILL HEADS X2"
"i2cORALBV4","ORAL B VITALITY CROSS ACTION/PRECISION"
"i2cORALBV4","ORAL B VITALITY DUAL ACTION POWERT/BRUSH"
"i2cORALBV4","ORAL B VITALITY DUAL CLEAN BRUSH/TIMER"
"i2cORALBV4","ORAL B VITALITY PLUS TRIZONE TBRUSH"
"i2cORALBV4","ORAL B VITALITY PLUS WHITE&CLEAN TBRUSH"
"i2cORALBV4","ORAL B VITALITY PLUSCROSS ACTION  TBRUSH"
"i2cORALBV4","ORAL B VITALITY PRO WHITE BRUSH + TIMER"
"i2cORALBV4","ORAL B VITALITY SONIC &TIMER TOOTHBRUSH"
"i2cORALBV4","ORAL B VITALITY STAGES AVENGERS TBRUSH"
"i2cVENUSV2","GILLETTE VENUS EMBRACE BLADES 3S"
"i2cVENUSV2","GILLETTE VENUS EMBRACE BLADES X 4"
"i2cVENUSV2","GILLETTE VENUS EMBRACE RAZOR"
"i2cVENUSV2","GILLETTE VENUS EMBRACE SENS BLDS X 4"
"i2cVENUSV2","GILLETTE VENUS SNAP EMBRACE RAZOR"
"i2cVENUSV4","GILLETTE VENUS EMBRACE BLADES 3S"
"i2cVENUSV4","GILLETTE VENUS EMBRACE BLADES X 4"
"i2cVENUSV4","GILLETTE VENUS EMBRACE RAZOR"
"i2cVENUSV4","GILLETTE VENUS EMBRACE SENS BLDS X 4"
"i2cVENUSV4","GILLETTE VENUS SNAP EMBRACE RAZOR"
